
<annotation>
    <folder>images</folder>
    <filename>plantdoc1322.png</filename>
    <size>
        <width>100</width>
        <height>100</height>
        <depth>3</depth>
    </size>
    <segmented>0</segmented>
    <object>
        <name>Blueberry leaf</name>
        <pose>Unspecified</pose>
        <truncated>0</truncated>
        <occluded>0</occluded>
        <difficult>0</difficult>
        <bndbox>
            <xmin>9</xmin>
            <ymin>15</ymin>
            <xmax>50</xmax>
            <ymax>55</ymax>
        </bndbox>
    </object>
    <object>
        <name>Blueberry leaf</name>
        <pose>Unspecified</pose>
        <truncated>0</truncated>
        <occluded>0</occluded>
        <difficult>0</difficult>
        <bndbox>
            <xmin>7</xmin>
            <ymin>48</ymin>
            <xmax>51</xmax>
            <ymax>84</ymax>
        </bndbox>
    </object>
    <object>
        <name>Blueberry leaf</name>
        <pose>Unspecified</pose>
        <truncated>0</truncated>
        <occluded>0</occluded>
        <difficult>0</difficult>
        <bndbox>
            <xmin>33</xmin>
            <ymin>60</ymin>
            <xmax>55</xmax>
            <ymax>100</ymax>
        </bndbox>
    </object>
    <object>
        <name>Blueberry leaf</name>
        <pose>Unspecified</pose>
        <truncated>0</truncated>
        <occluded>0</occluded>
        <difficult>0</difficult>
        <bndbox>
            <xmin>51</xmin>
            <ymin>33</ymin>
            <xmax>80</xmax>
            <ymax>88</ymax>
        </bndbox>
    </object>
    <object>
        <name>Blueberry leaf</name>
        <pose>Unspecified</pose>
        <truncated>0</truncated>
        <occluded>0</occluded>
        <difficult>0</difficult>
        <bndbox>
            <xmin>46</xmin>
            <ymin>67</ymin>
            <xmax>75</xmax>
            <ymax>99</ymax>
        </bndbox>
    </object>
    <object>
        <name>Blueberry leaf</name>
        <pose>Unspecified</pose>
        <truncated>0</truncated>
        <occluded>0</occluded>
        <difficult>0</difficult>
        <bndbox>
            <xmin>51</xmin>
            <ymin>4</ymin>
            <xmax>83</xmax>
            <ymax>27</ymax>
        </bndbox>
    </object>
</annotation>