
<annotation>
    <folder>images</folder>
    <filename>plantdoc1237.png</filename>
    <size>
        <width>100</width>
        <height>100</height>
        <depth>3</depth>
    </size>
    <segmented>0</segmented>
    <object>
        <name>Soyabean leaf</name>
        <pose>Unspecified</pose>
        <truncated>0</truncated>
        <occluded>0</occluded>
        <difficult>0</difficult>
        <bndbox>
            <xmin>56</xmin>
            <ymin>3</ymin>
            <xmax>72</xmax>
            <ymax>36</ymax>
        </bndbox>
    </object>
</annotation>