
<annotation>
    <folder>images</folder>
    <filename>plantdoc1101.png</filename>
    <size>
        <width>100</width>
        <height>100</height>
        <depth>3</depth>
    </size>
    <segmented>0</segmented>
    <object>
        <name>Blueberry leaf</name>
        <pose>Unspecified</pose>
        <truncated>0</truncated>
        <occluded>0</occluded>
        <difficult>0</difficult>
        <bndbox>
            <xmin>10</xmin>
            <ymin>12</ymin>
            <xmax>91</xmax>
            <ymax>81</ymax>
        </bndbox>
    </object>
</annotation>