
<annotation>
    <folder>images</folder>
    <filename>plantdoc135.png</filename>
    <size>
        <width>100</width>
        <height>100</height>
        <depth>3</depth>
    </size>
    <segmented>0</segmented>
    <object>
        <name>Apple Scab Leaf</name>
        <pose>Unspecified</pose>
        <truncated>0</truncated>
        <occluded>0</occluded>
        <difficult>0</difficult>
        <bndbox>
            <xmin>16</xmin>
            <ymin>36</ymin>
            <xmax>76</xmax>
            <ymax>92</ymax>
        </bndbox>
    </object>
    <object>
        <name>Apple Scab Leaf</name>
        <pose>Unspecified</pose>
        <truncated>0</truncated>
        <occluded>0</occluded>
        <difficult>0</difficult>
        <bndbox>
            <xmin>66</xmin>
            <ymin>39</ymin>
            <xmax>99</xmax>
            <ymax>69</ymax>
        </bndbox>
    </object>
</annotation>