
<annotation>
    <folder>images</folder>
    <filename>plantdoc1393.png</filename>
    <size>
        <width>100</width>
        <height>100</height>
        <depth>3</depth>
    </size>
    <segmented>0</segmented>
    <object>
        <name>Raspberry leaf</name>
        <pose>Unspecified</pose>
        <truncated>0</truncated>
        <occluded>0</occluded>
        <difficult>0</difficult>
        <bndbox>
            <xmin>41</xmin>
            <ymin>34</ymin>
            <xmax>60</xmax>
            <ymax>79</ymax>
        </bndbox>
    </object>
    <object>
        <name>Raspberry leaf</name>
        <pose>Unspecified</pose>
        <truncated>0</truncated>
        <occluded>0</occluded>
        <difficult>0</difficult>
        <bndbox>
            <xmin>60</xmin>
            <ymin>51</ymin>
            <xmax>81</xmax>
            <ymax>99</ymax>
        </bndbox>
    </object>
    <object>
        <name>Raspberry leaf</name>
        <pose>Unspecified</pose>
        <truncated>0</truncated>
        <occluded>0</occluded>
        <difficult>0</difficult>
        <bndbox>
            <xmin>76</xmin>
            <ymin>22</ymin>
            <xmax>99</xmax>
            <ymax>80</ymax>
        </bndbox>
    </object>
    <object>
        <name>Raspberry leaf</name>
        <pose>Unspecified</pose>
        <truncated>0</truncated>
        <occluded>0</occluded>
        <difficult>0</difficult>
        <bndbox>
            <xmin>25</xmin>
            <ymin>0</ymin>
            <xmax>57</xmax>
            <ymax>41</ymax>
        </bndbox>
    </object>
    <object>
        <name>Raspberry leaf</name>
        <pose>Unspecified</pose>
        <truncated>0</truncated>
        <occluded>0</occluded>
        <difficult>0</difficult>
        <bndbox>
            <xmin>0</xmin>
            <ymin>33</ymin>
            <xmax>19</xmax>
            <ymax>92</ymax>
        </bndbox>
    </object>
    <object>
        <name>Raspberry leaf</name>
        <pose>Unspecified</pose>
        <truncated>0</truncated>
        <occluded>0</occluded>
        <difficult>0</difficult>
        <bndbox>
            <xmin>6</xmin>
            <ymin>69</ymin>
            <xmax>61</xmax>
            <ymax>99</ymax>
        </bndbox>
    </object>
</annotation>