
<annotation>
    <folder>images</folder>
    <filename>plantdoc1022.png</filename>
    <size>
        <width>100</width>
        <height>100</height>
        <depth>3</depth>
    </size>
    <segmented>0</segmented>
    <object>
        <name>Potato leaf early blight</name>
        <pose>Unspecified</pose>
        <truncated>0</truncated>
        <occluded>0</occluded>
        <difficult>0</difficult>
        <bndbox>
            <xmin>11</xmin>
            <ymin>8</ymin>
            <xmax>59</xmax>
            <ymax>78</ymax>
        </bndbox>
    </object>
    <object>
        <name>Potato leaf early blight</name>
        <pose>Unspecified</pose>
        <truncated>0</truncated>
        <occluded>0</occluded>
        <difficult>0</difficult>
        <bndbox>
            <xmin>46</xmin>
            <ymin>31</ymin>
            <xmax>83</xmax>
            <ymax>94</ymax>
        </bndbox>
    </object>
</annotation>