
<annotation>
    <folder>images</folder>
    <filename>plantdoc101.png</filename>
    <size>
        <width>100</width>
        <height>100</height>
        <depth>3</depth>
    </size>
    <segmented>0</segmented>
    <object>
        <name>Squash Powdery mildew leaf</name>
        <pose>Unspecified</pose>
        <truncated>0</truncated>
        <occluded>0</occluded>
        <difficult>0</difficult>
        <bndbox>
            <xmin>67</xmin>
            <ymin>37</ymin>
            <xmax>99</xmax>
            <ymax>80</ymax>
        </bndbox>
    </object>
    <object>
        <name>Squash Powdery mildew leaf</name>
        <pose>Unspecified</pose>
        <truncated>0</truncated>
        <occluded>0</occluded>
        <difficult>0</difficult>
        <bndbox>
            <xmin>10</xmin>
            <ymin>46</ymin>
            <xmax>67</xmax>
            <ymax>76</ymax>
        </bndbox>
    </object>
    <object>
        <name>Squash Powdery mildew leaf</name>
        <pose>Unspecified</pose>
        <truncated>0</truncated>
        <occluded>0</occluded>
        <difficult>0</difficult>
        <bndbox>
            <xmin>2</xmin>
            <ymin>70</ymin>
            <xmax>63</xmax>
            <ymax>99</ymax>
        </bndbox>
    </object>
    <object>
        <name>Squash Powdery mildew leaf</name>
        <pose>Unspecified</pose>
        <truncated>0</truncated>
        <occluded>0</occluded>
        <difficult>0</difficult>
        <bndbox>
            <xmin>61</xmin>
            <ymin>81</ymin>
            <xmax>92</xmax>
            <ymax>99</ymax>
        </bndbox>
    </object>
    <object>
        <name>Squash Powdery mildew leaf</name>
        <pose>Unspecified</pose>
        <truncated>0</truncated>
        <occluded>0</occluded>
        <difficult>0</difficult>
        <bndbox>
            <xmin>36</xmin>
            <ymin>0</ymin>
            <xmax>83</xmax>
            <ymax>34</ymax>
        </bndbox>
    </object>
</annotation>