
<annotation>
    <folder>images</folder>
    <filename>plantdoc117.png</filename>
    <size>
        <width>100</width>
        <height>100</height>
        <depth>3</depth>
    </size>
    <segmented>0</segmented>
    <object>
        <name>Blueberry leaf</name>
        <pose>Unspecified</pose>
        <truncated>0</truncated>
        <occluded>0</occluded>
        <difficult>0</difficult>
        <bndbox>
            <xmin>19</xmin>
            <ymin>2</ymin>
            <xmax>52</xmax>
            <ymax>28</ymax>
        </bndbox>
    </object>
    <object>
        <name>Blueberry leaf</name>
        <pose>Unspecified</pose>
        <truncated>0</truncated>
        <occluded>0</occluded>
        <difficult>0</difficult>
        <bndbox>
            <xmin>52</xmin>
            <ymin>16</ymin>
            <xmax>91</xmax>
            <ymax>32</ymax>
        </bndbox>
    </object>
    <object>
        <name>Blueberry leaf</name>
        <pose>Unspecified</pose>
        <truncated>0</truncated>
        <occluded>0</occluded>
        <difficult>0</difficult>
        <bndbox>
            <xmin>47</xmin>
            <ymin>32</ymin>
            <xmax>90</xmax>
            <ymax>52</ymax>
        </bndbox>
    </object>
    <object>
        <name>Blueberry leaf</name>
        <pose>Unspecified</pose>
        <truncated>0</truncated>
        <occluded>0</occluded>
        <difficult>0</difficult>
        <bndbox>
            <xmin>45</xmin>
            <ymin>51</ymin>
            <xmax>96</xmax>
            <ymax>75</ymax>
        </bndbox>
    </object>
    <object>
        <name>Blueberry leaf</name>
        <pose>Unspecified</pose>
        <truncated>0</truncated>
        <occluded>0</occluded>
        <difficult>0</difficult>
        <bndbox>
            <xmin>4</xmin>
            <ymin>39</ymin>
            <xmax>42</xmax>
            <ymax>62</ymax>
        </bndbox>
    </object>
    <object>
        <name>Blueberry leaf</name>
        <pose>Unspecified</pose>
        <truncated>0</truncated>
        <occluded>0</occluded>
        <difficult>0</difficult>
        <bndbox>
            <xmin>6</xmin>
            <ymin>62</ymin>
            <xmax>41</xmax>
            <ymax>87</ymax>
        </bndbox>
    </object>
    <object>
        <name>Blueberry leaf</name>
        <pose>Unspecified</pose>
        <truncated>0</truncated>
        <occluded>0</occluded>
        <difficult>0</difficult>
        <bndbox>
            <xmin>44</xmin>
            <ymin>74</ymin>
            <xmax>84</xmax>
            <ymax>99</ymax>
        </bndbox>
    </object>
    <object>
        <name>Blueberry leaf</name>
        <pose>Unspecified</pose>
        <truncated>0</truncated>
        <occluded>0</occluded>
        <difficult>0</difficult>
        <bndbox>
            <xmin>17</xmin>
            <ymin>88</ymin>
            <xmax>43</xmax>
            <ymax>99</ymax>
        </bndbox>
    </object>
</annotation>