
<annotation>
    <folder>images</folder>
    <filename>plantdoc1139.png</filename>
    <size>
        <width>100</width>
        <height>100</height>
        <depth>3</depth>
    </size>
    <segmented>0</segmented>
    <object>
        <name>grape leaf black rot</name>
        <pose>Unspecified</pose>
        <truncated>0</truncated>
        <occluded>0</occluded>
        <difficult>0</difficult>
        <bndbox>
            <xmin>24</xmin>
            <ymin>33</ymin>
            <xmax>63</xmax>
            <ymax>81</ymax>
        </bndbox>
    </object>
    <object>
        <name>grape leaf black rot</name>
        <pose>Unspecified</pose>
        <truncated>0</truncated>
        <occluded>0</occluded>
        <difficult>0</difficult>
        <bndbox>
            <xmin>64</xmin>
            <ymin>0</ymin>
            <xmax>99</xmax>
            <ymax>83</ymax>
        </bndbox>
    </object>
</annotation>