
<annotation>
    <folder>images</folder>
    <filename>plantdoc1356.png</filename>
    <size>
        <width>100</width>
        <height>100</height>
        <depth>3</depth>
    </size>
    <segmented>0</segmented>
    <object>
        <name>Bell_pepper leaf spot</name>
        <pose>Unspecified</pose>
        <truncated>0</truncated>
        <occluded>0</occluded>
        <difficult>0</difficult>
        <bndbox>
            <xmin>7</xmin>
            <ymin>4</ymin>
            <xmax>46</xmax>
            <ymax>60</ymax>
        </bndbox>
    </object>
    <object>
        <name>Bell_pepper leaf spot</name>
        <pose>Unspecified</pose>
        <truncated>0</truncated>
        <occluded>0</occluded>
        <difficult>0</difficult>
        <bndbox>
            <xmin>40</xmin>
            <ymin>2</ymin>
            <xmax>69</xmax>
            <ymax>59</ymax>
        </bndbox>
    </object>
    <object>
        <name>Bell_pepper leaf spot</name>
        <pose>Unspecified</pose>
        <truncated>0</truncated>
        <occluded>0</occluded>
        <difficult>0</difficult>
        <bndbox>
            <xmin>23</xmin>
            <ymin>39</ymin>
            <xmax>72</xmax>
            <ymax>80</ymax>
        </bndbox>
    </object>
    <object>
        <name>Bell_pepper leaf spot</name>
        <pose>Unspecified</pose>
        <truncated>0</truncated>
        <occluded>0</occluded>
        <difficult>0</difficult>
        <bndbox>
            <xmin>70</xmin>
            <ymin>18</ymin>
            <xmax>88</xmax>
            <ymax>51</ymax>
        </bndbox>
    </object>
</annotation>