
<annotation>
    <folder>images</folder>
    <filename>plantdoc1037.png</filename>
    <size>
        <width>100</width>
        <height>100</height>
        <depth>3</depth>
    </size>
    <segmented>0</segmented>
    <object>
        <name>grape leaf</name>
        <pose>Unspecified</pose>
        <truncated>0</truncated>
        <occluded>0</occluded>
        <difficult>0</difficult>
        <bndbox>
            <xmin>15</xmin>
            <ymin>8</ymin>
            <xmax>43</xmax>
            <ymax>49</ymax>
        </bndbox>
    </object>
    <object>
        <name>grape leaf</name>
        <pose>Unspecified</pose>
        <truncated>0</truncated>
        <occluded>0</occluded>
        <difficult>0</difficult>
        <bndbox>
            <xmin>5</xmin>
            <ymin>55</ymin>
            <xmax>39</xmax>
            <ymax>100</ymax>
        </bndbox>
    </object>
    <object>
        <name>grape leaf</name>
        <pose>Unspecified</pose>
        <truncated>0</truncated>
        <occluded>0</occluded>
        <difficult>0</difficult>
        <bndbox>
            <xmin>42</xmin>
            <ymin>43</ymin>
            <xmax>88</xmax>
            <ymax>99</ymax>
        </bndbox>
    </object>
    <object>
        <name>grape leaf</name>
        <pose>Unspecified</pose>
        <truncated>0</truncated>
        <occluded>0</occluded>
        <difficult>0</difficult>
        <bndbox>
            <xmin>60</xmin>
            <ymin>8</ymin>
            <xmax>86</xmax>
            <ymax>50</ymax>
        </bndbox>
    </object>
    <object>
        <name>grape leaf</name>
        <pose>Unspecified</pose>
        <truncated>0</truncated>
        <occluded>0</occluded>
        <difficult>0</difficult>
        <bndbox>
            <xmin>52</xmin>
            <ymin>3</ymin>
            <xmax>67</xmax>
            <ymax>17</ymax>
        </bndbox>
    </object>
</annotation>