
<annotation>
    <folder>images</folder>
    <filename>plantdoc1329.png</filename>
    <size>
        <width>100</width>
        <height>100</height>
        <depth>3</depth>
    </size>
    <segmented>0</segmented>
    <object>
        <name>Tomato leaf mosaic virus</name>
        <pose>Unspecified</pose>
        <truncated>0</truncated>
        <occluded>0</occluded>
        <difficult>0</difficult>
        <bndbox>
            <xmin>69</xmin>
            <ymin>71</ymin>
            <xmax>91</xmax>
            <ymax>91</ymax>
        </bndbox>
    </object>
    <object>
        <name>Tomato leaf mosaic virus</name>
        <pose>Unspecified</pose>
        <truncated>0</truncated>
        <occluded>0</occluded>
        <difficult>0</difficult>
        <bndbox>
            <xmin>69</xmin>
            <ymin>48</ymin>
            <xmax>85</xmax>
            <ymax>75</ymax>
        </bndbox>
    </object>
    <object>
        <name>Tomato leaf mosaic virus</name>
        <pose>Unspecified</pose>
        <truncated>0</truncated>
        <occluded>0</occluded>
        <difficult>0</difficult>
        <bndbox>
            <xmin>3</xmin>
            <ymin>39</ymin>
            <xmax>37</xmax>
            <ymax>73</ymax>
        </bndbox>
    </object>
    <object>
        <name>Tomato leaf mosaic virus</name>
        <pose>Unspecified</pose>
        <truncated>0</truncated>
        <occluded>0</occluded>
        <difficult>0</difficult>
        <bndbox>
            <xmin>64</xmin>
            <ymin>4</ymin>
            <xmax>83</xmax>
            <ymax>36</ymax>
        </bndbox>
    </object>
    <object>
        <name>Tomato leaf mosaic virus</name>
        <pose>Unspecified</pose>
        <truncated>0</truncated>
        <occluded>0</occluded>
        <difficult>0</difficult>
        <bndbox>
            <xmin>58</xmin>
            <ymin>27</ymin>
            <xmax>67</xmax>
            <ymax>39</ymax>
        </bndbox>
    </object>
    <object>
        <name>Tomato leaf mosaic virus</name>
        <pose>Unspecified</pose>
        <truncated>0</truncated>
        <occluded>0</occluded>
        <difficult>0</difficult>
        <bndbox>
            <xmin>59</xmin>
            <ymin>41</ymin>
            <xmax>69</xmax>
            <ymax>58</ymax>
        </bndbox>
    </object>
    <object>
        <name>Tomato leaf mosaic virus</name>
        <pose>Unspecified</pose>
        <truncated>0</truncated>
        <occluded>0</occluded>
        <difficult>0</difficult>
        <bndbox>
            <xmin>26</xmin>
            <ymin>13</ymin>
            <xmax>49</xmax>
            <ymax>43</ymax>
        </bndbox>
    </object>
    <object>
        <name>Tomato leaf mosaic virus</name>
        <pose>Unspecified</pose>
        <truncated>0</truncated>
        <occluded>0</occluded>
        <difficult>0</difficult>
        <bndbox>
            <xmin>38</xmin>
            <ymin>44</ymin>
            <xmax>59</xmax>
            <ymax>76</ymax>
        </bndbox>
    </object>
</annotation>