
<annotation>
    <folder>images</folder>
    <filename>plantdoc1274.png</filename>
    <size>
        <width>100</width>
        <height>100</height>
        <depth>3</depth>
    </size>
    <segmented>0</segmented>
    <object>
        <name>Bell_pepper leaf</name>
        <pose>Unspecified</pose>
        <truncated>0</truncated>
        <occluded>0</occluded>
        <difficult>0</difficult>
        <bndbox>
            <xmin>37</xmin>
            <ymin>10</ymin>
            <xmax>65</xmax>
            <ymax>84</ymax>
        </bndbox>
    </object>
    <object>
        <name>Bell_pepper leaf</name>
        <pose>Unspecified</pose>
        <truncated>0</truncated>
        <occluded>0</occluded>
        <difficult>0</difficult>
        <bndbox>
            <xmin>68</xmin>
            <ymin>40</ymin>
            <xmax>84</xmax>
            <ymax>74</ymax>
        </bndbox>
    </object>
    <object>
        <name>Bell_pepper leaf</name>
        <pose>Unspecified</pose>
        <truncated>0</truncated>
        <occluded>0</occluded>
        <difficult>0</difficult>
        <bndbox>
            <xmin>14</xmin>
            <ymin>13</ymin>
            <xmax>34</xmax>
            <ymax>54</ymax>
        </bndbox>
    </object>
</annotation>