
<annotation>
    <folder>images</folder>
    <filename>plantdoc1248.png</filename>
    <size>
        <width>100</width>
        <height>100</height>
        <depth>3</depth>
    </size>
    <segmented>0</segmented>
    <object>
        <name>Tomato leaf yellow virus</name>
        <pose>Unspecified</pose>
        <truncated>0</truncated>
        <occluded>0</occluded>
        <difficult>0</difficult>
        <bndbox>
            <xmin>18</xmin>
            <ymin>87</ymin>
            <xmax>46</xmax>
            <ymax>99</ymax>
        </bndbox>
    </object>
    <object>
        <name>Tomato leaf yellow virus</name>
        <pose>Unspecified</pose>
        <truncated>0</truncated>
        <occluded>0</occluded>
        <difficult>0</difficult>
        <bndbox>
            <xmin>56</xmin>
            <ymin>75</ymin>
            <xmax>69</xmax>
            <ymax>89</ymax>
        </bndbox>
    </object>
    <object>
        <name>Tomato leaf yellow virus</name>
        <pose>Unspecified</pose>
        <truncated>0</truncated>
        <occluded>0</occluded>
        <difficult>0</difficult>
        <bndbox>
            <xmin>34</xmin>
            <ymin>39</ymin>
            <xmax>45</xmax>
            <ymax>59</ymax>
        </bndbox>
    </object>
    <object>
        <name>Tomato leaf yellow virus</name>
        <pose>Unspecified</pose>
        <truncated>0</truncated>
        <occluded>0</occluded>
        <difficult>0</difficult>
        <bndbox>
            <xmin>72</xmin>
            <ymin>29</ymin>
            <xmax>93</xmax>
            <ymax>40</ymax>
        </bndbox>
    </object>
    <object>
        <name>Tomato leaf yellow virus</name>
        <pose>Unspecified</pose>
        <truncated>0</truncated>
        <occluded>0</occluded>
        <difficult>0</difficult>
        <bndbox>
            <xmin>63</xmin>
            <ymin>37</ymin>
            <xmax>75</xmax>
            <ymax>55</ymax>
        </bndbox>
    </object>
    <object>
        <name>Tomato leaf yellow virus</name>
        <pose>Unspecified</pose>
        <truncated>0</truncated>
        <occluded>0</occluded>
        <difficult>0</difficult>
        <bndbox>
            <xmin>58</xmin>
            <ymin>32</ymin>
            <xmax>69</xmax>
            <ymax>43</ymax>
        </bndbox>
    </object>
    <object>
        <name>Tomato leaf yellow virus</name>
        <pose>Unspecified</pose>
        <truncated>0</truncated>
        <occluded>0</occluded>
        <difficult>0</difficult>
        <bndbox>
            <xmin>66</xmin>
            <ymin>24</ymin>
            <xmax>81</xmax>
            <ymax>31</ymax>
        </bndbox>
    </object>
    <object>
        <name>Tomato leaf yellow virus</name>
        <pose>Unspecified</pose>
        <truncated>0</truncated>
        <occluded>0</occluded>
        <difficult>0</difficult>
        <bndbox>
            <xmin>16</xmin>
            <ymin>26</ymin>
            <xmax>30</xmax>
            <ymax>36</ymax>
        </bndbox>
    </object>
    <object>
        <name>Tomato leaf yellow virus</name>
        <pose>Unspecified</pose>
        <truncated>0</truncated>
        <occluded>0</occluded>
        <difficult>0</difficult>
        <bndbox>
            <xmin>25</xmin>
            <ymin>26</ymin>
            <xmax>41</xmax>
            <ymax>52</ymax>
        </bndbox>
    </object>
    <object>
        <name>Tomato leaf yellow virus</name>
        <pose>Unspecified</pose>
        <truncated>0</truncated>
        <occluded>0</occluded>
        <difficult>0</difficult>
        <bndbox>
            <xmin>48</xmin>
            <ymin>34</ymin>
            <xmax>62</xmax>
            <ymax>57</ymax>
        </bndbox>
    </object>
    <object>
        <name>Tomato leaf yellow virus</name>
        <pose>Unspecified</pose>
        <truncated>0</truncated>
        <occluded>0</occluded>
        <difficult>0</difficult>
        <bndbox>
            <xmin>45</xmin>
            <ymin>53</ymin>
            <xmax>62</xmax>
            <ymax>65</ymax>
        </bndbox>
    </object>
    <object>
        <name>Tomato leaf yellow virus</name>
        <pose>Unspecified</pose>
        <truncated>0</truncated>
        <occluded>0</occluded>
        <difficult>0</difficult>
        <bndbox>
            <xmin>25</xmin>
            <ymin>65</ymin>
            <xmax>52</xmax>
            <ymax>86</ymax>
        </bndbox>
    </object>
    <object>
        <name>Tomato leaf yellow virus</name>
        <pose>Unspecified</pose>
        <truncated>0</truncated>
        <occluded>0</occluded>
        <difficult>0</difficult>
        <bndbox>
            <xmin>82</xmin>
            <ymin>56</ymin>
            <xmax>99</xmax>
            <ymax>82</ymax>
        </bndbox>
    </object>
    <object>
        <name>Tomato leaf yellow virus</name>
        <pose>Unspecified</pose>
        <truncated>0</truncated>
        <occluded>0</occluded>
        <difficult>0</difficult>
        <bndbox>
            <xmin>65</xmin>
            <ymin>72</ymin>
            <xmax>90</xmax>
            <ymax>98</ymax>
        </bndbox>
    </object>
</annotation>