
<annotation>
    <folder>images</folder>
    <filename>plantdoc1118.png</filename>
    <size>
        <width>100</width>
        <height>100</height>
        <depth>3</depth>
    </size>
    <segmented>0</segmented>
    <object>
        <name>Apple leaf</name>
        <pose>Unspecified</pose>
        <truncated>0</truncated>
        <occluded>0</occluded>
        <difficult>0</difficult>
        <bndbox>
            <xmin>39</xmin>
            <ymin>45</ymin>
            <xmax>72</xmax>
            <ymax>83</ymax>
        </bndbox>
    </object>
    <object>
        <name>Apple leaf</name>
        <pose>Unspecified</pose>
        <truncated>0</truncated>
        <occluded>0</occluded>
        <difficult>0</difficult>
        <bndbox>
            <xmin>50</xmin>
            <ymin>0</ymin>
            <xmax>82</xmax>
            <ymax>30</ymax>
        </bndbox>
    </object>
    <object>
        <name>Apple leaf</name>
        <pose>Unspecified</pose>
        <truncated>0</truncated>
        <occluded>0</occluded>
        <difficult>0</difficult>
        <bndbox>
            <xmin>51</xmin>
            <ymin>26</ymin>
            <xmax>91</xmax>
            <ymax>57</ymax>
        </bndbox>
    </object>
</annotation>