
<annotation>
    <folder>images</folder>
    <filename>plantdoc1026.png</filename>
    <size>
        <width>100</width>
        <height>100</height>
        <depth>3</depth>
    </size>
    <segmented>0</segmented>
    <object>
        <name>Bell_pepper leaf spot</name>
        <pose>Unspecified</pose>
        <truncated>0</truncated>
        <occluded>0</occluded>
        <difficult>0</difficult>
        <bndbox>
            <xmin>31</xmin>
            <ymin>49</ymin>
            <xmax>46</xmax>
            <ymax>88</ymax>
        </bndbox>
    </object>
    <object>
        <name>Bell_pepper leaf spot</name>
        <pose>Unspecified</pose>
        <truncated>0</truncated>
        <occluded>0</occluded>
        <difficult>0</difficult>
        <bndbox>
            <xmin>10</xmin>
            <ymin>47</ymin>
            <xmax>21</xmax>
            <ymax>70</ymax>
        </bndbox>
    </object>
    <object>
        <name>Bell_pepper leaf spot</name>
        <pose>Unspecified</pose>
        <truncated>0</truncated>
        <occluded>0</occluded>
        <difficult>0</difficult>
        <bndbox>
            <xmin>45</xmin>
            <ymin>17</ymin>
            <xmax>61</xmax>
            <ymax>45</ymax>
        </bndbox>
    </object>
    <object>
        <name>Bell_pepper leaf spot</name>
        <pose>Unspecified</pose>
        <truncated>0</truncated>
        <occluded>0</occluded>
        <difficult>0</difficult>
        <bndbox>
            <xmin>71</xmin>
            <ymin>43</ymin>
            <xmax>99</xmax>
            <ymax>69</ymax>
        </bndbox>
    </object>
    <object>
        <name>Bell_pepper leaf spot</name>
        <pose>Unspecified</pose>
        <truncated>0</truncated>
        <occluded>0</occluded>
        <difficult>0</difficult>
        <bndbox>
            <xmin>70</xmin>
            <ymin>19</ymin>
            <xmax>80</xmax>
            <ymax>35</ymax>
        </bndbox>
    </object>
    <object>
        <name>Bell_pepper leaf spot</name>
        <pose>Unspecified</pose>
        <truncated>0</truncated>
        <occluded>0</occluded>
        <difficult>0</difficult>
        <bndbox>
            <xmin>57</xmin>
            <ymin>3</ymin>
            <xmax>68</xmax>
            <ymax>14</ymax>
        </bndbox>
    </object>
    <object>
        <name>Bell_pepper leaf spot</name>
        <pose>Unspecified</pose>
        <truncated>0</truncated>
        <occluded>0</occluded>
        <difficult>0</difficult>
        <bndbox>
            <xmin>37</xmin>
            <ymin>20</ymin>
            <xmax>53</xmax>
            <ymax>49</ymax>
        </bndbox>
    </object>
    <object>
        <name>Bell_pepper leaf spot</name>
        <pose>Unspecified</pose>
        <truncated>0</truncated>
        <occluded>0</occluded>
        <difficult>0</difficult>
        <bndbox>
            <xmin>15</xmin>
            <ymin>36</ymin>
            <xmax>23</xmax>
            <ymax>50</ymax>
        </bndbox>
    </object>
    <object>
        <name>Bell_pepper leaf spot</name>
        <pose>Unspecified</pose>
        <truncated>0</truncated>
        <occluded>0</occluded>
        <difficult>0</difficult>
        <bndbox>
            <xmin>0</xmin>
            <ymin>34</ymin>
            <xmax>6</xmax>
            <ymax>53</ymax>
        </bndbox>
    </object>
    <object>
        <name>Bell_pepper leaf spot</name>
        <pose>Unspecified</pose>
        <truncated>0</truncated>
        <occluded>0</occluded>
        <difficult>0</difficult>
        <bndbox>
            <xmin>14</xmin>
            <ymin>12</ymin>
            <xmax>25</xmax>
            <ymax>29</ymax>
        </bndbox>
    </object>
    <object>
        <name>Bell_pepper leaf spot</name>
        <pose>Unspecified</pose>
        <truncated>0</truncated>
        <occluded>0</occluded>
        <difficult>0</difficult>
        <bndbox>
            <xmin>30</xmin>
            <ymin>36</ymin>
            <xmax>40</xmax>
            <ymax>47</ymax>
        </bndbox>
    </object>
    <object>
        <name>Bell_pepper leaf spot</name>
        <pose>Unspecified</pose>
        <truncated>0</truncated>
        <occluded>0</occluded>
        <difficult>0</difficult>
        <bndbox>
            <xmin>23</xmin>
            <ymin>77</ymin>
            <xmax>31</xmax>
            <ymax>99</ymax>
        </bndbox>
    </object>
    <object>
        <name>Bell_pepper leaf spot</name>
        <pose>Unspecified</pose>
        <truncated>0</truncated>
        <occluded>0</occluded>
        <difficult>0</difficult>
        <bndbox>
            <xmin>87</xmin>
            <ymin>13</ymin>
            <xmax>94</xmax>
            <ymax>45</ymax>
        </bndbox>
    </object>
    <object>
        <name>Bell_pepper leaf spot</name>
        <pose>Unspecified</pose>
        <truncated>0</truncated>
        <occluded>0</occluded>
        <difficult>0</difficult>
        <bndbox>
            <xmin>39</xmin>
            <ymin>36</ymin>
            <xmax>49</xmax>
            <ymax>62</ymax>
        </bndbox>
    </object>
    <object>
        <name>Bell_pepper leaf spot</name>
        <pose>Unspecified</pose>
        <truncated>0</truncated>
        <occluded>0</occluded>
        <difficult>0</difficult>
        <bndbox>
            <xmin>55</xmin>
            <ymin>12</ymin>
            <xmax>67</xmax>
            <ymax>20</ymax>
        </bndbox>
    </object>
</annotation>