
<annotation>
    <folder>images</folder>
    <filename>plantdoc1367.png</filename>
    <size>
        <width>100</width>
        <height>100</height>
        <depth>3</depth>
    </size>
    <segmented>0</segmented>
    <object>
        <name>Tomato leaf</name>
        <pose>Unspecified</pose>
        <truncated>0</truncated>
        <occluded>0</occluded>
        <difficult>0</difficult>
        <bndbox>
            <xmin>1</xmin>
            <ymin>41</ymin>
            <xmax>39</xmax>
            <ymax>98</ymax>
        </bndbox>
    </object>
    <object>
        <name>Tomato leaf</name>
        <pose>Unspecified</pose>
        <truncated>0</truncated>
        <occluded>0</occluded>
        <difficult>0</difficult>
        <bndbox>
            <xmin>43</xmin>
            <ymin>54</ymin>
            <xmax>60</xmax>
            <ymax>88</ymax>
        </bndbox>
    </object>
    <object>
        <name>Tomato leaf</name>
        <pose>Unspecified</pose>
        <truncated>0</truncated>
        <occluded>0</occluded>
        <difficult>0</difficult>
        <bndbox>
            <xmin>65</xmin>
            <ymin>24</ymin>
            <xmax>98</xmax>
            <ymax>64</ymax>
        </bndbox>
    </object>
    <object>
        <name>Tomato leaf</name>
        <pose>Unspecified</pose>
        <truncated>0</truncated>
        <occluded>0</occluded>
        <difficult>0</difficult>
        <bndbox>
            <xmin>38</xmin>
            <ymin>8</ymin>
            <xmax>57</xmax>
            <ymax>55</ymax>
        </bndbox>
    </object>
    <object>
        <name>Tomato leaf</name>
        <pose>Unspecified</pose>
        <truncated>0</truncated>
        <occluded>0</occluded>
        <difficult>0</difficult>
        <bndbox>
            <xmin>8</xmin>
            <ymin>5</ymin>
            <xmax>46</xmax>
            <ymax>47</ymax>
        </bndbox>
    </object>
</annotation>