
<annotation>
    <folder>images</folder>
    <filename>plantdoc1099.png</filename>
    <size>
        <width>100</width>
        <height>100</height>
        <depth>3</depth>
    </size>
    <segmented>0</segmented>
    <object>
        <name>Raspberry leaf</name>
        <pose>Unspecified</pose>
        <truncated>0</truncated>
        <occluded>0</occluded>
        <difficult>0</difficult>
        <bndbox>
            <xmin>43</xmin>
            <ymin>57</ymin>
            <xmax>88</xmax>
            <ymax>89</ymax>
        </bndbox>
    </object>
    <object>
        <name>Raspberry leaf</name>
        <pose>Unspecified</pose>
        <truncated>0</truncated>
        <occluded>0</occluded>
        <difficult>0</difficult>
        <bndbox>
            <xmin>5</xmin>
            <ymin>62</ymin>
            <xmax>40</xmax>
            <ymax>99</ymax>
        </bndbox>
    </object>
    <object>
        <name>Raspberry leaf</name>
        <pose>Unspecified</pose>
        <truncated>0</truncated>
        <occluded>0</occluded>
        <difficult>0</difficult>
        <bndbox>
            <xmin>14</xmin>
            <ymin>54</ymin>
            <xmax>43</xmax>
            <ymax>63</ymax>
        </bndbox>
    </object>
    <object>
        <name>Raspberry leaf</name>
        <pose>Unspecified</pose>
        <truncated>0</truncated>
        <occluded>0</occluded>
        <difficult>0</difficult>
        <bndbox>
            <xmin>11</xmin>
            <ymin>38</ymin>
            <xmax>35</xmax>
            <ymax>57</ymax>
        </bndbox>
    </object>
    <object>
        <name>Raspberry leaf</name>
        <pose>Unspecified</pose>
        <truncated>0</truncated>
        <occluded>0</occluded>
        <difficult>0</difficult>
        <bndbox>
            <xmin>0</xmin>
            <ymin>46</ymin>
            <xmax>13</xmax>
            <ymax>64</ymax>
        </bndbox>
    </object>
    <object>
        <name>Raspberry leaf</name>
        <pose>Unspecified</pose>
        <truncated>0</truncated>
        <occluded>0</occluded>
        <difficult>0</difficult>
        <bndbox>
            <xmin>68</xmin>
            <ymin>33</ymin>
            <xmax>95</xmax>
            <ymax>58</ymax>
        </bndbox>
    </object>
</annotation>