
<annotation>
    <folder>images</folder>
    <filename>plantdoc1002.png</filename>
    <size>
        <width>100</width>
        <height>100</height>
        <depth>3</depth>
    </size>
    <segmented>0</segmented>
    <object>
        <name>Potato leaf late blight</name>
        <pose>Unspecified</pose>
        <truncated>0</truncated>
        <occluded>0</occluded>
        <difficult>0</difficult>
        <bndbox>
            <xmin>0</xmin>
            <ymin>0</ymin>
            <xmax>29</xmax>
            <ymax>95</ymax>
        </bndbox>
    </object>
    <object>
        <name>Potato leaf late blight</name>
        <pose>Unspecified</pose>
        <truncated>0</truncated>
        <occluded>0</occluded>
        <difficult>0</difficult>
        <bndbox>
            <xmin>70</xmin>
            <ymin>18</ymin>
            <xmax>97</xmax>
            <ymax>56</ymax>
        </bndbox>
    </object>
    <object>
        <name>Potato leaf late blight</name>
        <pose>Unspecified</pose>
        <truncated>0</truncated>
        <occluded>0</occluded>
        <difficult>0</difficult>
        <bndbox>
            <xmin>45</xmin>
            <ymin>15</ymin>
            <xmax>55</xmax>
            <ymax>44</ymax>
        </bndbox>
    </object>
    <object>
        <name>Potato leaf late blight</name>
        <pose>Unspecified</pose>
        <truncated>0</truncated>
        <occluded>0</occluded>
        <difficult>0</difficult>
        <bndbox>
            <xmin>53</xmin>
            <ymin>42</ymin>
            <xmax>75</xmax>
            <ymax>80</ymax>
        </bndbox>
    </object>
    <object>
        <name>Potato leaf late blight</name>
        <pose>Unspecified</pose>
        <truncated>0</truncated>
        <occluded>0</occluded>
        <difficult>0</difficult>
        <bndbox>
            <xmin>54</xmin>
            <ymin>0</ymin>
            <xmax>77</xmax>
            <ymax>39</ymax>
        </bndbox>
    </object>
</annotation>