
<annotation>
    <folder>images</folder>
    <filename>plantdoc1031.png</filename>
    <size>
        <width>100</width>
        <height>100</height>
        <depth>3</depth>
    </size>
    <segmented>0</segmented>
    <object>
        <name>Potato leaf late blight</name>
        <pose>Unspecified</pose>
        <truncated>0</truncated>
        <occluded>0</occluded>
        <difficult>0</difficult>
        <bndbox>
            <xmin>24</xmin>
            <ymin>0</ymin>
            <xmax>76</xmax>
            <ymax>78</ymax>
        </bndbox>
    </object>
    <object>
        <name>Potato leaf late blight</name>
        <pose>Unspecified</pose>
        <truncated>0</truncated>
        <occluded>0</occluded>
        <difficult>0</difficult>
        <bndbox>
            <xmin>5</xmin>
            <ymin>38</ymin>
            <xmax>48</xmax>
            <ymax>87</ymax>
        </bndbox>
    </object>
    <object>
        <name>Potato leaf late blight</name>
        <pose>Unspecified</pose>
        <truncated>0</truncated>
        <occluded>0</occluded>
        <difficult>0</difficult>
        <bndbox>
            <xmin>59</xmin>
            <ymin>72</ymin>
            <xmax>89</xmax>
            <ymax>99</ymax>
        </bndbox>
    </object>
</annotation>