
<annotation>
    <folder>images</folder>
    <filename>plantdoc1164.png</filename>
    <size>
        <width>100</width>
        <height>100</height>
        <depth>3</depth>
    </size>
    <segmented>0</segmented>
    <object>
        <name>Tomato Septoria leaf spot</name>
        <pose>Unspecified</pose>
        <truncated>0</truncated>
        <occluded>0</occluded>
        <difficult>0</difficult>
        <bndbox>
            <xmin>51</xmin>
            <ymin>6</ymin>
            <xmax>82</xmax>
            <ymax>94</ymax>
        </bndbox>
    </object>
    <object>
        <name>Tomato Septoria leaf spot</name>
        <pose>Unspecified</pose>
        <truncated>0</truncated>
        <occluded>0</occluded>
        <difficult>0</difficult>
        <bndbox>
            <xmin>69</xmin>
            <ymin>1</ymin>
            <xmax>96</xmax>
            <ymax>26</ymax>
        </bndbox>
    </object>
</annotation>