
<annotation>
    <folder>images</folder>
    <filename>plantdoc1242.png</filename>
    <size>
        <width>100</width>
        <height>100</height>
        <depth>3</depth>
    </size>
    <segmented>0</segmented>
    <object>
        <name>Tomato Septoria leaf spot</name>
        <pose>Unspecified</pose>
        <truncated>0</truncated>
        <occluded>0</occluded>
        <difficult>0</difficult>
        <bndbox>
            <xmin>43</xmin>
            <ymin>1</ymin>
            <xmax>89</xmax>
            <ymax>100</ymax>
        </bndbox>
    </object>
    <object>
        <name>Tomato Septoria leaf spot</name>
        <pose>Unspecified</pose>
        <truncated>0</truncated>
        <occluded>0</occluded>
        <difficult>0</difficult>
        <bndbox>
            <xmin>1</xmin>
            <ymin>3</ymin>
            <xmax>27</xmax>
            <ymax>43</ymax>
        </bndbox>
    </object>
    <object>
        <name>Tomato Septoria leaf spot</name>
        <pose>Unspecified</pose>
        <truncated>0</truncated>
        <occluded>0</occluded>
        <difficult>0</difficult>
        <bndbox>
            <xmin>0</xmin>
            <ymin>40</ymin>
            <xmax>42</xmax>
            <ymax>99</ymax>
        </bndbox>
    </object>
</annotation>