
<annotation>
    <folder>images</folder>
    <filename>plantdoc1225.png</filename>
    <size>
        <width>100</width>
        <height>100</height>
        <depth>3</depth>
    </size>
    <segmented>0</segmented>
    <object>
        <name>Tomato Early blight leaf</name>
        <pose>Unspecified</pose>
        <truncated>0</truncated>
        <occluded>0</occluded>
        <difficult>0</difficult>
        <bndbox>
            <xmin>30</xmin>
            <ymin>32</ymin>
            <xmax>89</xmax>
            <ymax>64</ymax>
        </bndbox>
    </object>
    <object>
        <name>Tomato Early blight leaf</name>
        <pose>Unspecified</pose>
        <truncated>0</truncated>
        <occluded>0</occluded>
        <difficult>0</difficult>
        <bndbox>
            <xmin>23</xmin>
            <ymin>0</ymin>
            <xmax>43</xmax>
            <ymax>22</ymax>
        </bndbox>
    </object>
    <object>
        <name>Tomato Early blight leaf</name>
        <pose>Unspecified</pose>
        <truncated>0</truncated>
        <occluded>0</occluded>
        <difficult>0</difficult>
        <bndbox>
            <xmin>46</xmin>
            <ymin>66</ymin>
            <xmax>74</xmax>
            <ymax>93</ymax>
        </bndbox>
    </object>
    <object>
        <name>Tomato Early blight leaf</name>
        <pose>Unspecified</pose>
        <truncated>0</truncated>
        <occluded>0</occluded>
        <difficult>0</difficult>
        <bndbox>
            <xmin>75</xmin>
            <ymin>52</ymin>
            <xmax>96</xmax>
            <ymax>94</ymax>
        </bndbox>
    </object>
    <object>
        <name>Tomato Early blight leaf</name>
        <pose>Unspecified</pose>
        <truncated>0</truncated>
        <occluded>0</occluded>
        <difficult>0</difficult>
        <bndbox>
            <xmin>0</xmin>
            <ymin>65</ymin>
            <xmax>16</xmax>
            <ymax>92</ymax>
        </bndbox>
    </object>
</annotation>