
<annotation>
    <folder>images</folder>
    <filename>plantdoc1385.png</filename>
    <size>
        <width>100</width>
        <height>100</height>
        <depth>3</depth>
    </size>
    <segmented>0</segmented>
    <object>
        <name>Peach leaf</name>
        <pose>Unspecified</pose>
        <truncated>0</truncated>
        <occluded>0</occluded>
        <difficult>0</difficult>
        <bndbox>
            <xmin>51</xmin>
            <ymin>12</ymin>
            <xmax>99</xmax>
            <ymax>34</ymax>
        </bndbox>
    </object>
    <object>
        <name>Peach leaf</name>
        <pose>Unspecified</pose>
        <truncated>0</truncated>
        <occluded>0</occluded>
        <difficult>0</difficult>
        <bndbox>
            <xmin>48</xmin>
            <ymin>31</ymin>
            <xmax>76</xmax>
            <ymax>50</ymax>
        </bndbox>
    </object>
</annotation>