
<annotation>
    <folder>images</folder>
    <filename>plantdoc1256.png</filename>
    <size>
        <width>100</width>
        <height>100</height>
        <depth>3</depth>
    </size>
    <segmented>0</segmented>
    <object>
        <name>Squash Powdery mildew leaf</name>
        <pose>Unspecified</pose>
        <truncated>0</truncated>
        <occluded>0</occluded>
        <difficult>0</difficult>
        <bndbox>
            <xmin>35</xmin>
            <ymin>35</ymin>
            <xmax>65</xmax>
            <ymax>67</ymax>
        </bndbox>
    </object>
</annotation>