
<annotation>
    <folder>images</folder>
    <filename>plantdoc1058.png</filename>
    <size>
        <width>100</width>
        <height>100</height>
        <depth>3</depth>
    </size>
    <segmented>0</segmented>
    <object>
        <name>Tomato leaf late blight</name>
        <pose>Unspecified</pose>
        <truncated>0</truncated>
        <occluded>0</occluded>
        <difficult>0</difficult>
        <bndbox>
            <xmin>12</xmin>
            <ymin>28</ymin>
            <xmax>99</xmax>
            <ymax>72</ymax>
        </bndbox>
    </object>
</annotation>