
<annotation>
    <folder>images</folder>
    <filename>plantdoc1332.png</filename>
    <size>
        <width>100</width>
        <height>100</height>
        <depth>3</depth>
    </size>
    <segmented>0</segmented>
    <object>
        <name>Bell_pepper leaf</name>
        <pose>Unspecified</pose>
        <truncated>0</truncated>
        <occluded>0</occluded>
        <difficult>0</difficult>
        <bndbox>
            <xmin>7</xmin>
            <ymin>25</ymin>
            <xmax>42</xmax>
            <ymax>84</ymax>
        </bndbox>
    </object>
    <object>
        <name>Bell_pepper leaf</name>
        <pose>Unspecified</pose>
        <truncated>0</truncated>
        <occluded>0</occluded>
        <difficult>0</difficult>
        <bndbox>
            <xmin>0</xmin>
            <ymin>10</ymin>
            <xmax>31</xmax>
            <ymax>66</ymax>
        </bndbox>
    </object>
    <object>
        <name>Bell_pepper leaf</name>
        <pose>Unspecified</pose>
        <truncated>0</truncated>
        <occluded>0</occluded>
        <difficult>0</difficult>
        <bndbox>
            <xmin>36</xmin>
            <ymin>1</ymin>
            <xmax>71</xmax>
            <ymax>80</ymax>
        </bndbox>
    </object>
    <object>
        <name>Bell_pepper leaf</name>
        <pose>Unspecified</pose>
        <truncated>0</truncated>
        <occluded>0</occluded>
        <difficult>0</difficult>
        <bndbox>
            <xmin>44</xmin>
            <ymin>46</ymin>
            <xmax>68</xmax>
            <ymax>95</ymax>
        </bndbox>
    </object>
    <object>
        <name>Bell_pepper leaf</name>
        <pose>Unspecified</pose>
        <truncated>0</truncated>
        <occluded>0</occluded>
        <difficult>0</difficult>
        <bndbox>
            <xmin>76</xmin>
            <ymin>40</ymin>
            <xmax>97</xmax>
            <ymax>72</ymax>
        </bndbox>
    </object>
</annotation>