
<annotation>
    <folder>images</folder>
    <filename>plantdoc1089.png</filename>
    <size>
        <width>100</width>
        <height>100</height>
        <depth>3</depth>
    </size>
    <segmented>0</segmented>
    <object>
        <name>Tomato mold leaf</name>
        <pose>Unspecified</pose>
        <truncated>0</truncated>
        <occluded>0</occluded>
        <difficult>0</difficult>
        <bndbox>
            <xmin>87</xmin>
            <ymin>64</ymin>
            <xmax>98</xmax>
            <ymax>90</ymax>
        </bndbox>
    </object>
    <object>
        <name>Tomato mold leaf</name>
        <pose>Unspecified</pose>
        <truncated>0</truncated>
        <occluded>0</occluded>
        <difficult>0</difficult>
        <bndbox>
            <xmin>84</xmin>
            <ymin>3</ymin>
            <xmax>100</xmax>
            <ymax>63</ymax>
        </bndbox>
    </object>
    <object>
        <name>Tomato mold leaf</name>
        <pose>Unspecified</pose>
        <truncated>0</truncated>
        <occluded>0</occluded>
        <difficult>0</difficult>
        <bndbox>
            <xmin>39</xmin>
            <ymin>10</ymin>
            <xmax>58</xmax>
            <ymax>43</ymax>
        </bndbox>
    </object>
    <object>
        <name>Tomato mold leaf</name>
        <pose>Unspecified</pose>
        <truncated>0</truncated>
        <occluded>0</occluded>
        <difficult>0</difficult>
        <bndbox>
            <xmin>51</xmin>
            <ymin>6</ymin>
            <xmax>75</xmax>
            <ymax>55</ymax>
        </bndbox>
    </object>
    <object>
        <name>Tomato mold leaf</name>
        <pose>Unspecified</pose>
        <truncated>0</truncated>
        <occluded>0</occluded>
        <difficult>0</difficult>
        <bndbox>
            <xmin>5</xmin>
            <ymin>28</ymin>
            <xmax>51</xmax>
            <ymax>82</ymax>
        </bndbox>
    </object>
</annotation>