
<annotation>
    <folder>images</folder>
    <filename>plantdoc1023.png</filename>
    <size>
        <width>100</width>
        <height>100</height>
        <depth>3</depth>
    </size>
    <segmented>0</segmented>
    <object>
        <name>Tomato mold leaf</name>
        <pose>Unspecified</pose>
        <truncated>0</truncated>
        <occluded>0</occluded>
        <difficult>0</difficult>
        <bndbox>
            <xmin>36</xmin>
            <ymin>72</ymin>
            <xmax>58</xmax>
            <ymax>99</ymax>
        </bndbox>
    </object>
    <object>
        <name>Tomato mold leaf</name>
        <pose>Unspecified</pose>
        <truncated>0</truncated>
        <occluded>0</occluded>
        <difficult>0</difficult>
        <bndbox>
            <xmin>50</xmin>
            <ymin>73</ymin>
            <xmax>60</xmax>
            <ymax>84</ymax>
        </bndbox>
    </object>
    <object>
        <name>Tomato mold leaf</name>
        <pose>Unspecified</pose>
        <truncated>0</truncated>
        <occluded>0</occluded>
        <difficult>0</difficult>
        <bndbox>
            <xmin>61</xmin>
            <ymin>75</ymin>
            <xmax>85</xmax>
            <ymax>96</ymax>
        </bndbox>
    </object>
    <object>
        <name>Tomato mold leaf</name>
        <pose>Unspecified</pose>
        <truncated>0</truncated>
        <occluded>0</occluded>
        <difficult>0</difficult>
        <bndbox>
            <xmin>25</xmin>
            <ymin>68</ymin>
            <xmax>37</xmax>
            <ymax>91</ymax>
        </bndbox>
    </object>
    <object>
        <name>Tomato mold leaf</name>
        <pose>Unspecified</pose>
        <truncated>0</truncated>
        <occluded>0</occluded>
        <difficult>0</difficult>
        <bndbox>
            <xmin>54</xmin>
            <ymin>39</ymin>
            <xmax>83</xmax>
            <ymax>62</ymax>
        </bndbox>
    </object>
    <object>
        <name>Tomato mold leaf</name>
        <pose>Unspecified</pose>
        <truncated>0</truncated>
        <occluded>0</occluded>
        <difficult>0</difficult>
        <bndbox>
            <xmin>27</xmin>
            <ymin>50</ymin>
            <xmax>35</xmax>
            <ymax>60</ymax>
        </bndbox>
    </object>
    <object>
        <name>Tomato mold leaf</name>
        <pose>Unspecified</pose>
        <truncated>0</truncated>
        <occluded>0</occluded>
        <difficult>0</difficult>
        <bndbox>
            <xmin>36</xmin>
            <ymin>39</ymin>
            <xmax>52</xmax>
            <ymax>58</ymax>
        </bndbox>
    </object>
    <object>
        <name>Tomato mold leaf</name>
        <pose>Unspecified</pose>
        <truncated>0</truncated>
        <occluded>0</occluded>
        <difficult>0</difficult>
        <bndbox>
            <xmin>42</xmin>
            <ymin>41</ymin>
            <xmax>54</xmax>
            <ymax>62</ymax>
        </bndbox>
    </object>
    <object>
        <name>Tomato mold leaf</name>
        <pose>Unspecified</pose>
        <truncated>0</truncated>
        <occluded>0</occluded>
        <difficult>0</difficult>
        <bndbox>
            <xmin>35</xmin>
            <ymin>34</ymin>
            <xmax>54</xmax>
            <ymax>45</ymax>
        </bndbox>
    </object>
    <object>
        <name>Tomato mold leaf</name>
        <pose>Unspecified</pose>
        <truncated>0</truncated>
        <occluded>0</occluded>
        <difficult>0</difficult>
        <bndbox>
            <xmin>32</xmin>
            <ymin>3</ymin>
            <xmax>58</xmax>
            <ymax>38</ymax>
        </bndbox>
    </object>
</annotation>