
<annotation>
    <folder>images</folder>
    <filename>plantdoc1125.png</filename>
    <size>
        <width>100</width>
        <height>100</height>
        <depth>3</depth>
    </size>
    <segmented>0</segmented>
    <object>
        <name>Strawberry leaf</name>
        <pose>Unspecified</pose>
        <truncated>0</truncated>
        <occluded>0</occluded>
        <difficult>0</difficult>
        <bndbox>
            <xmin>23</xmin>
            <ymin>30</ymin>
            <xmax>57</xmax>
            <ymax>78</ymax>
        </bndbox>
    </object>
    <object>
        <name>Strawberry leaf</name>
        <pose>Unspecified</pose>
        <truncated>0</truncated>
        <occluded>0</occluded>
        <difficult>0</difficult>
        <bndbox>
            <xmin>45</xmin>
            <ymin>8</ymin>
            <xmax>69</xmax>
            <ymax>33</ymax>
        </bndbox>
    </object>
    <object>
        <name>Strawberry leaf</name>
        <pose>Unspecified</pose>
        <truncated>0</truncated>
        <occluded>0</occluded>
        <difficult>0</difficult>
        <bndbox>
            <xmin>55</xmin>
            <ymin>46</ymin>
            <xmax>76</xmax>
            <ymax>76</ymax>
        </bndbox>
    </object>
</annotation>