
<annotation>
    <folder>images</folder>
    <filename>plantdoc1186.png</filename>
    <size>
        <width>100</width>
        <height>100</height>
        <depth>3</depth>
    </size>
    <segmented>0</segmented>
    <object>
        <name>Bell_pepper leaf</name>
        <pose>Unspecified</pose>
        <truncated>0</truncated>
        <occluded>0</occluded>
        <difficult>0</difficult>
        <bndbox>
            <xmin>52</xmin>
            <ymin>0</ymin>
            <xmax>83</xmax>
            <ymax>17</ymax>
        </bndbox>
    </object>
    <object>
        <name>Bell_pepper leaf</name>
        <pose>Unspecified</pose>
        <truncated>0</truncated>
        <occluded>0</occluded>
        <difficult>0</difficult>
        <bndbox>
            <xmin>3</xmin>
            <ymin>2</ymin>
            <xmax>52</xmax>
            <ymax>16</ymax>
        </bndbox>
    </object>
</annotation>