
<annotation>
    <folder>images</folder>
    <filename>plantdoc1411.png</filename>
    <size>
        <width>100</width>
        <height>100</height>
        <depth>3</depth>
    </size>
    <segmented>0</segmented>
    <object>
        <name>Raspberry leaf</name>
        <pose>Unspecified</pose>
        <truncated>0</truncated>
        <occluded>0</occluded>
        <difficult>0</difficult>
        <bndbox>
            <xmin>15</xmin>
            <ymin>14</ymin>
            <xmax>62</xmax>
            <ymax>60</ymax>
        </bndbox>
    </object>
    <object>
        <name>Raspberry leaf</name>
        <pose>Unspecified</pose>
        <truncated>0</truncated>
        <occluded>0</occluded>
        <difficult>0</difficult>
        <bndbox>
            <xmin>67</xmin>
            <ymin>11</ymin>
            <xmax>82</xmax>
            <ymax>65</ymax>
        </bndbox>
    </object>
    <object>
        <name>Raspberry leaf</name>
        <pose>Unspecified</pose>
        <truncated>0</truncated>
        <occluded>0</occluded>
        <difficult>0</difficult>
        <bndbox>
            <xmin>26</xmin>
            <ymin>57</ymin>
            <xmax>67</xmax>
            <ymax>88</ymax>
        </bndbox>
    </object>
</annotation>