
<annotation>
    <folder>images</folder>
    <filename>plantdoc1312.png</filename>
    <size>
        <width>100</width>
        <height>100</height>
        <depth>3</depth>
    </size>
    <segmented>0</segmented>
    <object>
        <name>Tomato leaf mosaic virus</name>
        <pose>Unspecified</pose>
        <truncated>0</truncated>
        <occluded>0</occluded>
        <difficult>0</difficult>
        <bndbox>
            <xmin>86</xmin>
            <ymin>55</ymin>
            <xmax>98</xmax>
            <ymax>65</ymax>
        </bndbox>
    </object>
    <object>
        <name>Tomato leaf mosaic virus</name>
        <pose>Unspecified</pose>
        <truncated>0</truncated>
        <occluded>0</occluded>
        <difficult>0</difficult>
        <bndbox>
            <xmin>55</xmin>
            <ymin>75</ymin>
            <xmax>64</xmax>
            <ymax>82</ymax>
        </bndbox>
    </object>
    <object>
        <name>Tomato leaf mosaic virus</name>
        <pose>Unspecified</pose>
        <truncated>0</truncated>
        <occluded>0</occluded>
        <difficult>0</difficult>
        <bndbox>
            <xmin>26</xmin>
            <ymin>62</ymin>
            <xmax>39</xmax>
            <ymax>76</ymax>
        </bndbox>
    </object>
    <object>
        <name>Tomato leaf mosaic virus</name>
        <pose>Unspecified</pose>
        <truncated>0</truncated>
        <occluded>0</occluded>
        <difficult>0</difficult>
        <bndbox>
            <xmin>54</xmin>
            <ymin>46</ymin>
            <xmax>73</xmax>
            <ymax>56</ymax>
        </bndbox>
    </object>
    <object>
        <name>Tomato leaf mosaic virus</name>
        <pose>Unspecified</pose>
        <truncated>0</truncated>
        <occluded>0</occluded>
        <difficult>0</difficult>
        <bndbox>
            <xmin>34</xmin>
            <ymin>45</ymin>
            <xmax>51</xmax>
            <ymax>61</ymax>
        </bndbox>
    </object>
</annotation>