
<annotation>
    <folder>images</folder>
    <filename>plantdoc1013.png</filename>
    <size>
        <width>100</width>
        <height>100</height>
        <depth>3</depth>
    </size>
    <segmented>0</segmented>
    <object>
        <name>Potato leaf early blight</name>
        <pose>Unspecified</pose>
        <truncated>0</truncated>
        <occluded>0</occluded>
        <difficult>0</difficult>
        <bndbox>
            <xmin>50</xmin>
            <ymin>26</ymin>
            <xmax>99</xmax>
            <ymax>66</ymax>
        </bndbox>
    </object>
    <object>
        <name>Potato leaf early blight</name>
        <pose>Unspecified</pose>
        <truncated>0</truncated>
        <occluded>0</occluded>
        <difficult>0</difficult>
        <bndbox>
            <xmin>18</xmin>
            <ymin>61</ymin>
            <xmax>65</xmax>
            <ymax>99</ymax>
        </bndbox>
    </object>
    <object>
        <name>Potato leaf early blight</name>
        <pose>Unspecified</pose>
        <truncated>0</truncated>
        <occluded>0</occluded>
        <difficult>0</difficult>
        <bndbox>
            <xmin>32</xmin>
            <ymin>0</ymin>
            <xmax>60</xmax>
            <ymax>50</ymax>
        </bndbox>
    </object>
</annotation>