
<annotation>
    <folder>images</folder>
    <filename>plantdoc1184.png</filename>
    <size>
        <width>100</width>
        <height>100</height>
        <depth>3</depth>
    </size>
    <segmented>0</segmented>
    <object>
        <name>Blueberry leaf</name>
        <pose>Unspecified</pose>
        <truncated>0</truncated>
        <occluded>0</occluded>
        <difficult>0</difficult>
        <bndbox>
            <xmin>34</xmin>
            <ymin>53</ymin>
            <xmax>59</xmax>
            <ymax>78</ymax>
        </bndbox>
    </object>
    <object>
        <name>Blueberry leaf</name>
        <pose>Unspecified</pose>
        <truncated>0</truncated>
        <occluded>0</occluded>
        <difficult>0</difficult>
        <bndbox>
            <xmin>20</xmin>
            <ymin>49</ymin>
            <xmax>41</xmax>
            <ymax>71</ymax>
        </bndbox>
    </object>
    <object>
        <name>Blueberry leaf</name>
        <pose>Unspecified</pose>
        <truncated>0</truncated>
        <occluded>0</occluded>
        <difficult>0</difficult>
        <bndbox>
            <xmin>58</xmin>
            <ymin>50</ymin>
            <xmax>88</xmax>
            <ymax>80</ymax>
        </bndbox>
    </object>
    <object>
        <name>Blueberry leaf</name>
        <pose>Unspecified</pose>
        <truncated>0</truncated>
        <occluded>0</occluded>
        <difficult>0</difficult>
        <bndbox>
            <xmin>74</xmin>
            <ymin>42</ymin>
            <xmax>92</xmax>
            <ymax>71</ymax>
        </bndbox>
    </object>
    <object>
        <name>Blueberry leaf</name>
        <pose>Unspecified</pose>
        <truncated>0</truncated>
        <occluded>0</occluded>
        <difficult>0</difficult>
        <bndbox>
            <xmin>5</xmin>
            <ymin>41</ymin>
            <xmax>25</xmax>
            <ymax>55</ymax>
        </bndbox>
    </object>
    <object>
        <name>Blueberry leaf</name>
        <pose>Unspecified</pose>
        <truncated>0</truncated>
        <occluded>0</occluded>
        <difficult>0</difficult>
        <bndbox>
            <xmin>24</xmin>
            <ymin>38</ymin>
            <xmax>40</xmax>
            <ymax>52</ymax>
        </bndbox>
    </object>
    <object>
        <name>Blueberry leaf</name>
        <pose>Unspecified</pose>
        <truncated>0</truncated>
        <occluded>0</occluded>
        <difficult>0</difficult>
        <bndbox>
            <xmin>21</xmin>
            <ymin>23</ymin>
            <xmax>33</xmax>
            <ymax>33</ymax>
        </bndbox>
    </object>
    <object>
        <name>Blueberry leaf</name>
        <pose>Unspecified</pose>
        <truncated>0</truncated>
        <occluded>0</occluded>
        <difficult>0</difficult>
        <bndbox>
            <xmin>18</xmin>
            <ymin>9</ymin>
            <xmax>34</xmax>
            <ymax>19</ymax>
        </bndbox>
    </object>
    <object>
        <name>Blueberry leaf</name>
        <pose>Unspecified</pose>
        <truncated>0</truncated>
        <occluded>0</occluded>
        <difficult>0</difficult>
        <bndbox>
            <xmin>0</xmin>
            <ymin>60</ymin>
            <xmax>10</xmax>
            <ymax>83</ymax>
        </bndbox>
    </object>
    <object>
        <name>Blueberry leaf</name>
        <pose>Unspecified</pose>
        <truncated>0</truncated>
        <occluded>0</occluded>
        <difficult>0</difficult>
        <bndbox>
            <xmin>9</xmin>
            <ymin>58</ymin>
            <xmax>29</xmax>
            <ymax>83</ymax>
        </bndbox>
    </object>
    <object>
        <name>Blueberry leaf</name>
        <pose>Unspecified</pose>
        <truncated>0</truncated>
        <occluded>0</occluded>
        <difficult>0</difficult>
        <bndbox>
            <xmin>4</xmin>
            <ymin>13</ymin>
            <xmax>20</xmax>
            <ymax>27</ymax>
        </bndbox>
    </object>
</annotation>