
<annotation>
    <folder>images</folder>
    <filename>plantdoc1292.png</filename>
    <size>
        <width>100</width>
        <height>100</height>
        <depth>3</depth>
    </size>
    <segmented>0</segmented>
    <object>
        <name>Corn leaf blight</name>
        <pose>Unspecified</pose>
        <truncated>0</truncated>
        <occluded>0</occluded>
        <difficult>0</difficult>
        <bndbox>
            <xmin>0</xmin>
            <ymin>0</ymin>
            <xmax>22</xmax>
            <ymax>100</ymax>
        </bndbox>
    </object>
    <object>
        <name>Corn leaf blight</name>
        <pose>Unspecified</pose>
        <truncated>0</truncated>
        <occluded>0</occluded>
        <difficult>0</difficult>
        <bndbox>
            <xmin>20</xmin>
            <ymin>0</ymin>
            <xmax>44</xmax>
            <ymax>100</ymax>
        </bndbox>
    </object>
    <object>
        <name>Corn leaf blight</name>
        <pose>Unspecified</pose>
        <truncated>0</truncated>
        <occluded>0</occluded>
        <difficult>0</difficult>
        <bndbox>
            <xmin>45</xmin>
            <ymin>0</ymin>
            <xmax>64</xmax>
            <ymax>99</ymax>
        </bndbox>
    </object>
    <object>
        <name>Corn leaf blight</name>
        <pose>Unspecified</pose>
        <truncated>0</truncated>
        <occluded>0</occluded>
        <difficult>0</difficult>
        <bndbox>
            <xmin>63</xmin>
            <ymin>1</ymin>
            <xmax>81</xmax>
            <ymax>100</ymax>
        </bndbox>
    </object>
    <object>
        <name>Corn leaf blight</name>
        <pose>Unspecified</pose>
        <truncated>0</truncated>
        <occluded>0</occluded>
        <difficult>0</difficult>
        <bndbox>
            <xmin>79</xmin>
            <ymin>1</ymin>
            <xmax>97</xmax>
            <ymax>99</ymax>
        </bndbox>
    </object>
</annotation>