
<annotation>
    <folder>images</folder>
    <filename>plantdoc1315.png</filename>
    <size>
        <width>100</width>
        <height>100</height>
        <depth>3</depth>
    </size>
    <segmented>0</segmented>
    <object>
        <name>Tomato leaf bacterial spot</name>
        <pose>Unspecified</pose>
        <truncated>0</truncated>
        <occluded>0</occluded>
        <difficult>0</difficult>
        <bndbox>
            <xmin>78</xmin>
            <ymin>8</ymin>
            <xmax>92</xmax>
            <ymax>18</ymax>
        </bndbox>
    </object>
    <object>
        <name>Tomato leaf bacterial spot</name>
        <pose>Unspecified</pose>
        <truncated>0</truncated>
        <occluded>0</occluded>
        <difficult>0</difficult>
        <bndbox>
            <xmin>52</xmin>
            <ymin>7</ymin>
            <xmax>73</xmax>
            <ymax>18</ymax>
        </bndbox>
    </object>
    <object>
        <name>Tomato leaf bacterial spot</name>
        <pose>Unspecified</pose>
        <truncated>0</truncated>
        <occluded>0</occluded>
        <difficult>0</difficult>
        <bndbox>
            <xmin>52</xmin>
            <ymin>37</ymin>
            <xmax>79</xmax>
            <ymax>56</ymax>
        </bndbox>
    </object>
    <object>
        <name>Tomato leaf bacterial spot</name>
        <pose>Unspecified</pose>
        <truncated>0</truncated>
        <occluded>0</occluded>
        <difficult>0</difficult>
        <bndbox>
            <xmin>16</xmin>
            <ymin>43</ymin>
            <xmax>48</xmax>
            <ymax>80</ymax>
        </bndbox>
    </object>
</annotation>