
<annotation>
    <folder>images</folder>
    <filename>plantdoc1259.png</filename>
    <size>
        <width>100</width>
        <height>100</height>
        <depth>3</depth>
    </size>
    <segmented>0</segmented>
    <object>
        <name>Tomato leaf yellow virus</name>
        <pose>Unspecified</pose>
        <truncated>0</truncated>
        <occluded>0</occluded>
        <difficult>0</difficult>
        <bndbox>
            <xmin>34</xmin>
            <ymin>29</ymin>
            <xmax>46</xmax>
            <ymax>41</ymax>
        </bndbox>
    </object>
    <object>
        <name>Tomato leaf yellow virus</name>
        <pose>Unspecified</pose>
        <truncated>0</truncated>
        <occluded>0</occluded>
        <difficult>0</difficult>
        <bndbox>
            <xmin>6</xmin>
            <ymin>32</ymin>
            <xmax>19</xmax>
            <ymax>44</ymax>
        </bndbox>
    </object>
    <object>
        <name>Tomato leaf yellow virus</name>
        <pose>Unspecified</pose>
        <truncated>0</truncated>
        <occluded>0</occluded>
        <difficult>0</difficult>
        <bndbox>
            <xmin>30</xmin>
            <ymin>41</ymin>
            <xmax>43</xmax>
            <ymax>62</ymax>
        </bndbox>
    </object>
    <object>
        <name>Tomato leaf yellow virus</name>
        <pose>Unspecified</pose>
        <truncated>0</truncated>
        <occluded>0</occluded>
        <difficult>0</difficult>
        <bndbox>
            <xmin>6</xmin>
            <ymin>64</ymin>
            <xmax>15</xmax>
            <ymax>82</ymax>
        </bndbox>
    </object>
    <object>
        <name>Tomato leaf yellow virus</name>
        <pose>Unspecified</pose>
        <truncated>0</truncated>
        <occluded>0</occluded>
        <difficult>0</difficult>
        <bndbox>
            <xmin>1</xmin>
            <ymin>51</ymin>
            <xmax>14</xmax>
            <ymax>65</ymax>
        </bndbox>
    </object>
    <object>
        <name>Tomato leaf yellow virus</name>
        <pose>Unspecified</pose>
        <truncated>0</truncated>
        <occluded>0</occluded>
        <difficult>0</difficult>
        <bndbox>
            <xmin>16</xmin>
            <ymin>65</ymin>
            <xmax>28</xmax>
            <ymax>84</ymax>
        </bndbox>
    </object>
    <object>
        <name>Tomato leaf yellow virus</name>
        <pose>Unspecified</pose>
        <truncated>0</truncated>
        <occluded>0</occluded>
        <difficult>0</difficult>
        <bndbox>
            <xmin>30</xmin>
            <ymin>62</ymin>
            <xmax>44</xmax>
            <ymax>79</ymax>
        </bndbox>
    </object>
    <object>
        <name>Tomato leaf yellow virus</name>
        <pose>Unspecified</pose>
        <truncated>0</truncated>
        <occluded>0</occluded>
        <difficult>0</difficult>
        <bndbox>
            <xmin>34</xmin>
            <ymin>76</ymin>
            <xmax>49</xmax>
            <ymax>98</ymax>
        </bndbox>
    </object>
    <object>
        <name>Tomato leaf yellow virus</name>
        <pose>Unspecified</pose>
        <truncated>0</truncated>
        <occluded>0</occluded>
        <difficult>0</difficult>
        <bndbox>
            <xmin>84</xmin>
            <ymin>36</ymin>
            <xmax>93</xmax>
            <ymax>54</ymax>
        </bndbox>
    </object>
    <object>
        <name>Tomato leaf yellow virus</name>
        <pose>Unspecified</pose>
        <truncated>0</truncated>
        <occluded>0</occluded>
        <difficult>0</difficult>
        <bndbox>
            <xmin>88</xmin>
            <ymin>14</ymin>
            <xmax>95</xmax>
            <ymax>32</ymax>
        </bndbox>
    </object>
    <object>
        <name>Tomato leaf yellow virus</name>
        <pose>Unspecified</pose>
        <truncated>0</truncated>
        <occluded>0</occluded>
        <difficult>0</difficult>
        <bndbox>
            <xmin>71</xmin>
            <ymin>20</ymin>
            <xmax>84</xmax>
            <ymax>28</ymax>
        </bndbox>
    </object>
    <object>
        <name>Tomato leaf yellow virus</name>
        <pose>Unspecified</pose>
        <truncated>0</truncated>
        <occluded>0</occluded>
        <difficult>0</difficult>
        <bndbox>
            <xmin>74</xmin>
            <ymin>4</ymin>
            <xmax>83</xmax>
            <ymax>18</ymax>
        </bndbox>
    </object>
    <object>
        <name>Tomato leaf yellow virus</name>
        <pose>Unspecified</pose>
        <truncated>0</truncated>
        <occluded>0</occluded>
        <difficult>0</difficult>
        <bndbox>
            <xmin>57</xmin>
            <ymin>9</ymin>
            <xmax>73</xmax>
            <ymax>40</ymax>
        </bndbox>
    </object>
    <object>
        <name>Tomato leaf yellow virus</name>
        <pose>Unspecified</pose>
        <truncated>0</truncated>
        <occluded>0</occluded>
        <difficult>0</difficult>
        <bndbox>
            <xmin>5</xmin>
            <ymin>12</ymin>
            <xmax>16</xmax>
            <ymax>26</ymax>
        </bndbox>
    </object>
    <object>
        <name>Tomato leaf yellow virus</name>
        <pose>Unspecified</pose>
        <truncated>0</truncated>
        <occluded>0</occluded>
        <difficult>0</difficult>
        <bndbox>
            <xmin>13</xmin>
            <ymin>1</ymin>
            <xmax>23</xmax>
            <ymax>20</ymax>
        </bndbox>
    </object>
    <object>
        <name>Tomato leaf yellow virus</name>
        <pose>Unspecified</pose>
        <truncated>0</truncated>
        <occluded>0</occluded>
        <difficult>0</difficult>
        <bndbox>
            <xmin>19</xmin>
            <ymin>13</ymin>
            <xmax>29</xmax>
            <ymax>24</ymax>
        </bndbox>
    </object>
</annotation>