
<annotation>
    <folder>images</folder>
    <filename>plantdoc134.png</filename>
    <size>
        <width>100</width>
        <height>100</height>
        <depth>3</depth>
    </size>
    <segmented>0</segmented>
    <object>
        <name>Apple Scab Leaf</name>
        <pose>Unspecified</pose>
        <truncated>0</truncated>
        <occluded>0</occluded>
        <difficult>0</difficult>
        <bndbox>
            <xmin>18</xmin>
            <ymin>29</ymin>
            <xmax>53</xmax>
            <ymax>95</ymax>
        </bndbox>
    </object>
    <object>
        <name>Apple Scab Leaf</name>
        <pose>Unspecified</pose>
        <truncated>0</truncated>
        <occluded>0</occluded>
        <difficult>0</difficult>
        <bndbox>
            <xmin>55</xmin>
            <ymin>17</ymin>
            <xmax>84</xmax>
            <ymax>96</ymax>
        </bndbox>
    </object>
</annotation>