
<annotation>
    <folder>images</folder>
    <filename>plantdoc1240.png</filename>
    <size>
        <width>100</width>
        <height>100</height>
        <depth>3</depth>
    </size>
    <segmented>0</segmented>
    <object>
        <name>Apple Scab Leaf</name>
        <pose>Unspecified</pose>
        <truncated>0</truncated>
        <occluded>0</occluded>
        <difficult>0</difficult>
        <bndbox>
            <xmin>28</xmin>
            <ymin>15</ymin>
            <xmax>60</xmax>
            <ymax>73</ymax>
        </bndbox>
    </object>
    <object>
        <name>Apple Scab Leaf</name>
        <pose>Unspecified</pose>
        <truncated>0</truncated>
        <occluded>0</occluded>
        <difficult>0</difficult>
        <bndbox>
            <xmin>68</xmin>
            <ymin>26</ymin>
            <xmax>99</xmax>
            <ymax>75</ymax>
        </bndbox>
    </object>
    <object>
        <name>Apple Scab Leaf</name>
        <pose>Unspecified</pose>
        <truncated>0</truncated>
        <occluded>0</occluded>
        <difficult>0</difficult>
        <bndbox>
            <xmin>77</xmin>
            <ymin>5</ymin>
            <xmax>94</xmax>
            <ymax>39</ymax>
        </bndbox>
    </object>
</annotation>