
<annotation>
    <folder>images</folder>
    <filename>plantdoc1209.png</filename>
    <size>
        <width>100</width>
        <height>100</height>
        <depth>3</depth>
    </size>
    <segmented>0</segmented>
    <object>
        <name>Tomato leaf late blight</name>
        <pose>Unspecified</pose>
        <truncated>0</truncated>
        <occluded>0</occluded>
        <difficult>0</difficult>
        <bndbox>
            <xmin>12</xmin>
            <ymin>33</ymin>
            <xmax>70</xmax>
            <ymax>99</ymax>
        </bndbox>
    </object>
    <object>
        <name>Tomato leaf late blight</name>
        <pose>Unspecified</pose>
        <truncated>0</truncated>
        <occluded>0</occluded>
        <difficult>0</difficult>
        <bndbox>
            <xmin>0</xmin>
            <ymin>0</ymin>
            <xmax>56</xmax>
            <ymax>77</ymax>
        </bndbox>
    </object>
</annotation>