
<annotation>
    <folder>images</folder>
    <filename>plantdoc1325.png</filename>
    <size>
        <width>100</width>
        <height>100</height>
        <depth>3</depth>
    </size>
    <segmented>0</segmented>
    <object>
        <name>Cherry leaf</name>
        <pose>Unspecified</pose>
        <truncated>0</truncated>
        <occluded>0</occluded>
        <difficult>0</difficult>
        <bndbox>
            <xmin>45</xmin>
            <ymin>18</ymin>
            <xmax>60</xmax>
            <ymax>66</ymax>
        </bndbox>
    </object>
    <object>
        <name>Cherry leaf</name>
        <pose>Unspecified</pose>
        <truncated>0</truncated>
        <occluded>0</occluded>
        <difficult>0</difficult>
        <bndbox>
            <xmin>56</xmin>
            <ymin>59</ymin>
            <xmax>68</xmax>
            <ymax>91</ymax>
        </bndbox>
    </object>
    <object>
        <name>Cherry leaf</name>
        <pose>Unspecified</pose>
        <truncated>0</truncated>
        <occluded>0</occluded>
        <difficult>0</difficult>
        <bndbox>
            <xmin>38</xmin>
            <ymin>71</ymin>
            <xmax>55</xmax>
            <ymax>100</ymax>
        </bndbox>
    </object>
    <object>
        <name>Cherry leaf</name>
        <pose>Unspecified</pose>
        <truncated>0</truncated>
        <occluded>0</occluded>
        <difficult>0</difficult>
        <bndbox>
            <xmin>24</xmin>
            <ymin>61</ymin>
            <xmax>46</xmax>
            <ymax>99</ymax>
        </bndbox>
    </object>
    <object>
        <name>Cherry leaf</name>
        <pose>Unspecified</pose>
        <truncated>0</truncated>
        <occluded>0</occluded>
        <difficult>0</difficult>
        <bndbox>
            <xmin>2</xmin>
            <ymin>4</ymin>
            <xmax>44</xmax>
            <ymax>62</ymax>
        </bndbox>
    </object>
    <object>
        <name>Cherry leaf</name>
        <pose>Unspecified</pose>
        <truncated>0</truncated>
        <occluded>0</occluded>
        <difficult>0</difficult>
        <bndbox>
            <xmin>26</xmin>
            <ymin>25</ymin>
            <xmax>43</xmax>
            <ymax>57</ymax>
        </bndbox>
    </object>
</annotation>