
<annotation>
    <folder>images</folder>
    <filename>plantdoc1337.png</filename>
    <size>
        <width>100</width>
        <height>100</height>
        <depth>3</depth>
    </size>
    <segmented>0</segmented>
    <object>
        <name>Strawberry leaf</name>
        <pose>Unspecified</pose>
        <truncated>0</truncated>
        <occluded>0</occluded>
        <difficult>0</difficult>
        <bndbox>
            <xmin>28</xmin>
            <ymin>39</ymin>
            <xmax>63</xmax>
            <ymax>82</ymax>
        </bndbox>
    </object>
    <object>
        <name>Strawberry leaf</name>
        <pose>Unspecified</pose>
        <truncated>0</truncated>
        <occluded>0</occluded>
        <difficult>0</difficult>
        <bndbox>
            <xmin>10</xmin>
            <ymin>13</ymin>
            <xmax>55</xmax>
            <ymax>56</ymax>
        </bndbox>
    </object>
    <object>
        <name>Strawberry leaf</name>
        <pose>Unspecified</pose>
        <truncated>0</truncated>
        <occluded>0</occluded>
        <difficult>0</difficult>
        <bndbox>
            <xmin>56</xmin>
            <ymin>22</ymin>
            <xmax>91</xmax>
            <ymax>71</ymax>
        </bndbox>
    </object>
</annotation>