
<annotation>
    <folder>images</folder>
    <filename>plantdoc1318.png</filename>
    <size>
        <width>100</width>
        <height>100</height>
        <depth>3</depth>
    </size>
    <segmented>0</segmented>
    <object>
        <name>Squash Powdery mildew leaf</name>
        <pose>Unspecified</pose>
        <truncated>0</truncated>
        <occluded>0</occluded>
        <difficult>0</difficult>
        <bndbox>
            <xmin>11</xmin>
            <ymin>10</ymin>
            <xmax>68</xmax>
            <ymax>77</ymax>
        </bndbox>
    </object>
    <object>
        <name>Squash Powdery mildew leaf</name>
        <pose>Unspecified</pose>
        <truncated>0</truncated>
        <occluded>0</occluded>
        <difficult>0</difficult>
        <bndbox>
            <xmin>65</xmin>
            <ymin>5</ymin>
            <xmax>99</xmax>
            <ymax>61</ymax>
        </bndbox>
    </object>
</annotation>