
<annotation>
    <folder>images</folder>
    <filename>plantdoc1382.png</filename>
    <size>
        <width>100</width>
        <height>100</height>
        <depth>3</depth>
    </size>
    <segmented>0</segmented>
    <object>
        <name>Corn leaf blight</name>
        <pose>Unspecified</pose>
        <truncated>0</truncated>
        <occluded>0</occluded>
        <difficult>0</difficult>
        <bndbox>
            <xmin>9</xmin>
            <ymin>38</ymin>
            <xmax>68</xmax>
            <ymax>65</ymax>
        </bndbox>
    </object>
    <object>
        <name>Corn leaf blight</name>
        <pose>Unspecified</pose>
        <truncated>0</truncated>
        <occluded>0</occluded>
        <difficult>0</difficult>
        <bndbox>
            <xmin>18</xmin>
            <ymin>63</ymin>
            <xmax>49</xmax>
            <ymax>99</ymax>
        </bndbox>
    </object>
    <object>
        <name>Corn leaf blight</name>
        <pose>Unspecified</pose>
        <truncated>0</truncated>
        <occluded>0</occluded>
        <difficult>0</difficult>
        <bndbox>
            <xmin>29</xmin>
            <ymin>61</ymin>
            <xmax>87</xmax>
            <ymax>99</ymax>
        </bndbox>
    </object>
    <object>
        <name>Corn leaf blight</name>
        <pose>Unspecified</pose>
        <truncated>0</truncated>
        <occluded>0</occluded>
        <difficult>0</difficult>
        <bndbox>
            <xmin>17</xmin>
            <ymin>12</ymin>
            <xmax>81</xmax>
            <ymax>45</ymax>
        </bndbox>
    </object>
</annotation>