
<annotation>
    <folder>images</folder>
    <filename>plantdoc1413.png</filename>
    <size>
        <width>100</width>
        <height>100</height>
        <depth>3</depth>
    </size>
    <segmented>0</segmented>
    <object>
        <name>grape leaf black rot</name>
        <pose>Unspecified</pose>
        <truncated>0</truncated>
        <occluded>0</occluded>
        <difficult>0</difficult>
        <bndbox>
            <xmin>3</xmin>
            <ymin>22</ymin>
            <xmax>49</xmax>
            <ymax>96</ymax>
        </bndbox>
    </object>
    <object>
        <name>grape leaf black rot</name>
        <pose>Unspecified</pose>
        <truncated>0</truncated>
        <occluded>0</occluded>
        <difficult>0</difficult>
        <bndbox>
            <xmin>49</xmin>
            <ymin>21</ymin>
            <xmax>96</xmax>
            <ymax>96</ymax>
        </bndbox>
    </object>
</annotation>