
<annotation>
    <folder>images</folder>
    <filename>plantdoc1359.png</filename>
    <size>
        <width>100</width>
        <height>100</height>
        <depth>3</depth>
    </size>
    <segmented>0</segmented>
    <object>
        <name>grape leaf black rot</name>
        <pose>Unspecified</pose>
        <truncated>0</truncated>
        <occluded>0</occluded>
        <difficult>0</difficult>
        <bndbox>
            <xmin>0</xmin>
            <ymin>10</ymin>
            <xmax>34</xmax>
            <ymax>64</ymax>
        </bndbox>
    </object>
    <object>
        <name>grape leaf black rot</name>
        <pose>Unspecified</pose>
        <truncated>0</truncated>
        <occluded>0</occluded>
        <difficult>0</difficult>
        <bndbox>
            <xmin>29</xmin>
            <ymin>19</ymin>
            <xmax>71</xmax>
            <ymax>85</ymax>
        </bndbox>
    </object>
    <object>
        <name>grape leaf black rot</name>
        <pose>Unspecified</pose>
        <truncated>0</truncated>
        <occluded>0</occluded>
        <difficult>0</difficult>
        <bndbox>
            <xmin>63</xmin>
            <ymin>0</ymin>
            <xmax>99</xmax>
            <ymax>37</ymax>
        </bndbox>
    </object>
</annotation>