
<annotation>
    <folder>images</folder>
    <filename>plantdoc1094.png</filename>
    <size>
        <width>100</width>
        <height>100</height>
        <depth>3</depth>
    </size>
    <segmented>0</segmented>
    <object>
        <name>Apple Scab Leaf</name>
        <pose>Unspecified</pose>
        <truncated>0</truncated>
        <occluded>0</occluded>
        <difficult>0</difficult>
        <bndbox>
            <xmin>5</xmin>
            <ymin>14</ymin>
            <xmax>98</xmax>
            <ymax>73</ymax>
        </bndbox>
    </object>
</annotation>