
<annotation>
    <folder>images</folder>
    <filename>plantdoc1416.png</filename>
    <size>
        <width>100</width>
        <height>100</height>
        <depth>3</depth>
    </size>
    <segmented>0</segmented>
    <object>
        <name>grape leaf</name>
        <pose>Unspecified</pose>
        <truncated>0</truncated>
        <occluded>0</occluded>
        <difficult>0</difficult>
        <bndbox>
            <xmin>36</xmin>
            <ymin>11</ymin>
            <xmax>91</xmax>
            <ymax>94</ymax>
        </bndbox>
    </object>
    <object>
        <name>grape leaf</name>
        <pose>Unspecified</pose>
        <truncated>0</truncated>
        <occluded>0</occluded>
        <difficult>0</difficult>
        <bndbox>
            <xmin>0</xmin>
            <ymin>62</ymin>
            <xmax>22</xmax>
            <ymax>100</ymax>
        </bndbox>
    </object>
    <object>
        <name>grape leaf</name>
        <pose>Unspecified</pose>
        <truncated>0</truncated>
        <occluded>0</occluded>
        <difficult>0</difficult>
        <bndbox>
            <xmin>0</xmin>
            <ymin>2</ymin>
            <xmax>35</xmax>
            <ymax>45</ymax>
        </bndbox>
    </object>
</annotation>