
<annotation>
    <folder>images</folder>
    <filename>plantdoc1105.png</filename>
    <size>
        <width>100</width>
        <height>100</height>
        <depth>3</depth>
    </size>
    <segmented>0</segmented>
    <object>
        <name>Soyabean leaf</name>
        <pose>Unspecified</pose>
        <truncated>0</truncated>
        <occluded>0</occluded>
        <difficult>0</difficult>
        <bndbox>
            <xmin>47</xmin>
            <ymin>43</ymin>
            <xmax>69</xmax>
            <ymax>73</ymax>
        </bndbox>
    </object>
    <object>
        <name>Soyabean leaf</name>
        <pose>Unspecified</pose>
        <truncated>0</truncated>
        <occluded>0</occluded>
        <difficult>0</difficult>
        <bndbox>
            <xmin>70</xmin>
            <ymin>44</ymin>
            <xmax>89</xmax>
            <ymax>68</ymax>
        </bndbox>
    </object>
    <object>
        <name>Soyabean leaf</name>
        <pose>Unspecified</pose>
        <truncated>0</truncated>
        <occluded>0</occluded>
        <difficult>0</difficult>
        <bndbox>
            <xmin>18</xmin>
            <ymin>52</ymin>
            <xmax>34</xmax>
            <ymax>82</ymax>
        </bndbox>
    </object>
    <object>
        <name>Soyabean leaf</name>
        <pose>Unspecified</pose>
        <truncated>0</truncated>
        <occluded>0</occluded>
        <difficult>0</difficult>
        <bndbox>
            <xmin>26</xmin>
            <ymin>42</ymin>
            <xmax>44</xmax>
            <ymax>63</ymax>
        </bndbox>
    </object>
    <object>
        <name>Soyabean leaf</name>
        <pose>Unspecified</pose>
        <truncated>0</truncated>
        <occluded>0</occluded>
        <difficult>0</difficult>
        <bndbox>
            <xmin>10</xmin>
            <ymin>37</ymin>
            <xmax>27</xmax>
            <ymax>60</ymax>
        </bndbox>
    </object>
    <object>
        <name>Soyabean leaf</name>
        <pose>Unspecified</pose>
        <truncated>0</truncated>
        <occluded>0</occluded>
        <difficult>0</difficult>
        <bndbox>
            <xmin>51</xmin>
            <ymin>74</ymin>
            <xmax>69</xmax>
            <ymax>97</ymax>
        </bndbox>
    </object>
    <object>
        <name>Soyabean leaf</name>
        <pose>Unspecified</pose>
        <truncated>0</truncated>
        <occluded>0</occluded>
        <difficult>0</difficult>
        <bndbox>
            <xmin>69</xmin>
            <ymin>76</ymin>
            <xmax>86</xmax>
            <ymax>96</ymax>
        </bndbox>
    </object>
    <object>
        <name>Soyabean leaf</name>
        <pose>Unspecified</pose>
        <truncated>0</truncated>
        <occluded>0</occluded>
        <difficult>0</difficult>
        <bndbox>
            <xmin>92</xmin>
            <ymin>55</ymin>
            <xmax>100</xmax>
            <ymax>87</ymax>
        </bndbox>
    </object>
    <object>
        <name>Soyabean leaf</name>
        <pose>Unspecified</pose>
        <truncated>0</truncated>
        <occluded>0</occluded>
        <difficult>0</difficult>
        <bndbox>
            <xmin>1</xmin>
            <ymin>16</ymin>
            <xmax>14</xmax>
            <ymax>33</ymax>
        </bndbox>
    </object>
    <object>
        <name>Soyabean leaf</name>
        <pose>Unspecified</pose>
        <truncated>0</truncated>
        <occluded>0</occluded>
        <difficult>0</difficult>
        <bndbox>
            <xmin>10</xmin>
            <ymin>11</ymin>
            <xmax>24</xmax>
            <ymax>25</ymax>
        </bndbox>
    </object>
</annotation>