
<annotation>
    <folder>images</folder>
    <filename>plantdoc1402.png</filename>
    <size>
        <width>100</width>
        <height>100</height>
        <depth>3</depth>
    </size>
    <segmented>0</segmented>
    <object>
        <name>Squash Powdery mildew leaf</name>
        <pose>Unspecified</pose>
        <truncated>0</truncated>
        <occluded>0</occluded>
        <difficult>0</difficult>
        <bndbox>
            <xmin>42</xmin>
            <ymin>34</ymin>
            <xmax>75</xmax>
            <ymax>75</ymax>
        </bndbox>
    </object>
    <object>
        <name>Squash Powdery mildew leaf</name>
        <pose>Unspecified</pose>
        <truncated>0</truncated>
        <occluded>0</occluded>
        <difficult>0</difficult>
        <bndbox>
            <xmin>6</xmin>
            <ymin>10</ymin>
            <xmax>36</xmax>
            <ymax>29</ymax>
        </bndbox>
    </object>
    <object>
        <name>Squash Powdery mildew leaf</name>
        <pose>Unspecified</pose>
        <truncated>0</truncated>
        <occluded>0</occluded>
        <difficult>0</difficult>
        <bndbox>
            <xmin>62</xmin>
            <ymin>21</ymin>
            <xmax>75</xmax>
            <ymax>39</ymax>
        </bndbox>
    </object>
    <object>
        <name>Squash Powdery mildew leaf</name>
        <pose>Unspecified</pose>
        <truncated>0</truncated>
        <occluded>0</occluded>
        <difficult>0</difficult>
        <bndbox>
            <xmin>52</xmin>
            <ymin>0</ymin>
            <xmax>86</xmax>
            <ymax>26</ymax>
        </bndbox>
    </object>
</annotation>