
<annotation>
    <folder>images</folder>
    <filename>plantdoc1017.png</filename>
    <size>
        <width>100</width>
        <height>100</height>
        <depth>3</depth>
    </size>
    <segmented>0</segmented>
    <object>
        <name>Soyabean leaf</name>
        <pose>Unspecified</pose>
        <truncated>0</truncated>
        <occluded>0</occluded>
        <difficult>0</difficult>
        <bndbox>
            <xmin>43</xmin>
            <ymin>8</ymin>
            <xmax>73</xmax>
            <ymax>56</ymax>
        </bndbox>
    </object>
    <object>
        <name>Soyabean leaf</name>
        <pose>Unspecified</pose>
        <truncated>0</truncated>
        <occluded>0</occluded>
        <difficult>0</difficult>
        <bndbox>
            <xmin>52</xmin>
            <ymin>49</ymin>
            <xmax>92</xmax>
            <ymax>81</ymax>
        </bndbox>
    </object>
    <object>
        <name>Soyabean leaf</name>
        <pose>Unspecified</pose>
        <truncated>0</truncated>
        <occluded>0</occluded>
        <difficult>0</difficult>
        <bndbox>
            <xmin>8</xmin>
            <ymin>51</ymin>
            <xmax>48</xmax>
            <ymax>77</ymax>
        </bndbox>
    </object>
</annotation>