
<annotation>
    <folder>images</folder>
    <filename>plantdoc1405.png</filename>
    <size>
        <width>100</width>
        <height>100</height>
        <depth>3</depth>
    </size>
    <segmented>0</segmented>
    <object>
        <name>Apple leaf</name>
        <pose>Unspecified</pose>
        <truncated>0</truncated>
        <occluded>0</occluded>
        <difficult>0</difficult>
        <bndbox>
            <xmin>5</xmin>
            <ymin>5</ymin>
            <xmax>56</xmax>
            <ymax>48</ymax>
        </bndbox>
    </object>
    <object>
        <name>Apple leaf</name>
        <pose>Unspecified</pose>
        <truncated>0</truncated>
        <occluded>0</occluded>
        <difficult>0</difficult>
        <bndbox>
            <xmin>51</xmin>
            <ymin>6</ymin>
            <xmax>99</xmax>
            <ymax>45</ymax>
        </bndbox>
    </object>
    <object>
        <name>Apple leaf</name>
        <pose>Unspecified</pose>
        <truncated>0</truncated>
        <occluded>0</occluded>
        <difficult>0</difficult>
        <bndbox>
            <xmin>3</xmin>
            <ymin>51</ymin>
            <xmax>54</xmax>
            <ymax>94</ymax>
        </bndbox>
    </object>
</annotation>