
<annotation>
    <folder>images</folder>
    <filename>plantdoc1249.png</filename>
    <size>
        <width>100</width>
        <height>100</height>
        <depth>3</depth>
    </size>
    <segmented>0</segmented>
    <object>
        <name>Cherry leaf</name>
        <pose>Unspecified</pose>
        <truncated>0</truncated>
        <occluded>0</occluded>
        <difficult>0</difficult>
        <bndbox>
            <xmin>54</xmin>
            <ymin>35</ymin>
            <xmax>99</xmax>
            <ymax>99</ymax>
        </bndbox>
    </object>
    <object>
        <name>Cherry leaf</name>
        <pose>Unspecified</pose>
        <truncated>0</truncated>
        <occluded>0</occluded>
        <difficult>0</difficult>
        <bndbox>
            <xmin>0</xmin>
            <ymin>23</ymin>
            <xmax>38</xmax>
            <ymax>67</ymax>
        </bndbox>
    </object>
</annotation>