
<annotation>
    <folder>images</folder>
    <filename>plantdoc1426.png</filename>
    <size>
        <width>100</width>
        <height>100</height>
        <depth>3</depth>
    </size>
    <segmented>0</segmented>
    <object>
        <name>Squash Powdery mildew leaf</name>
        <pose>Unspecified</pose>
        <truncated>0</truncated>
        <occluded>0</occluded>
        <difficult>0</difficult>
        <bndbox>
            <xmin>44</xmin>
            <ymin>4</ymin>
            <xmax>87</xmax>
            <ymax>56</ymax>
        </bndbox>
    </object>
    <object>
        <name>Squash Powdery mildew leaf</name>
        <pose>Unspecified</pose>
        <truncated>0</truncated>
        <occluded>0</occluded>
        <difficult>0</difficult>
        <bndbox>
            <xmin>9</xmin>
            <ymin>37</ymin>
            <xmax>48</xmax>
            <ymax>88</ymax>
        </bndbox>
    </object>
</annotation>