
<annotation>
    <folder>images</folder>
    <filename>plantdoc1011.png</filename>
    <size>
        <width>100</width>
        <height>100</height>
        <depth>3</depth>
    </size>
    <segmented>0</segmented>
    <object>
        <name>Tomato leaf yellow virus</name>
        <pose>Unspecified</pose>
        <truncated>0</truncated>
        <occluded>0</occluded>
        <difficult>0</difficult>
        <bndbox>
            <xmin>72</xmin>
            <ymin>27</ymin>
            <xmax>84</xmax>
            <ymax>43</ymax>
        </bndbox>
    </object>
    <object>
        <name>Tomato leaf yellow virus</name>
        <pose>Unspecified</pose>
        <truncated>0</truncated>
        <occluded>0</occluded>
        <difficult>0</difficult>
        <bndbox>
            <xmin>35</xmin>
            <ymin>8</ymin>
            <xmax>48</xmax>
            <ymax>27</ymax>
        </bndbox>
    </object>
    <object>
        <name>Tomato leaf yellow virus</name>
        <pose>Unspecified</pose>
        <truncated>0</truncated>
        <occluded>0</occluded>
        <difficult>0</difficult>
        <bndbox>
            <xmin>44</xmin>
            <ymin>25</ymin>
            <xmax>59</xmax>
            <ymax>42</ymax>
        </bndbox>
    </object>
    <object>
        <name>Tomato leaf yellow virus</name>
        <pose>Unspecified</pose>
        <truncated>0</truncated>
        <occluded>0</occluded>
        <difficult>0</difficult>
        <bndbox>
            <xmin>28</xmin>
            <ymin>39</ymin>
            <xmax>48</xmax>
            <ymax>46</ymax>
        </bndbox>
    </object>
    <object>
        <name>Tomato leaf yellow virus</name>
        <pose>Unspecified</pose>
        <truncated>0</truncated>
        <occluded>0</occluded>
        <difficult>0</difficult>
        <bndbox>
            <xmin>17</xmin>
            <ymin>44</ymin>
            <xmax>35</xmax>
            <ymax>60</ymax>
        </bndbox>
    </object>
    <object>
        <name>Tomato leaf yellow virus</name>
        <pose>Unspecified</pose>
        <truncated>0</truncated>
        <occluded>0</occluded>
        <difficult>0</difficult>
        <bndbox>
            <xmin>5</xmin>
            <ymin>58</ymin>
            <xmax>26</xmax>
            <ymax>80</ymax>
        </bndbox>
    </object>
    <object>
        <name>Tomato leaf yellow virus</name>
        <pose>Unspecified</pose>
        <truncated>0</truncated>
        <occluded>0</occluded>
        <difficult>0</difficult>
        <bndbox>
            <xmin>36</xmin>
            <ymin>56</ymin>
            <xmax>54</xmax>
            <ymax>81</ymax>
        </bndbox>
    </object>
    <object>
        <name>Tomato leaf yellow virus</name>
        <pose>Unspecified</pose>
        <truncated>0</truncated>
        <occluded>0</occluded>
        <difficult>0</difficult>
        <bndbox>
            <xmin>49</xmin>
            <ymin>45</ymin>
            <xmax>69</xmax>
            <ymax>56</ymax>
        </bndbox>
    </object>
    <object>
        <name>Tomato leaf yellow virus</name>
        <pose>Unspecified</pose>
        <truncated>0</truncated>
        <occluded>0</occluded>
        <difficult>0</difficult>
        <bndbox>
            <xmin>71</xmin>
            <ymin>40</ymin>
            <xmax>99</xmax>
            <ymax>64</ymax>
        </bndbox>
    </object>
    <object>
        <name>Tomato leaf yellow virus</name>
        <pose>Unspecified</pose>
        <truncated>0</truncated>
        <occluded>0</occluded>
        <difficult>0</difficult>
        <bndbox>
            <xmin>71</xmin>
            <ymin>52</ymin>
            <xmax>86</xmax>
            <ymax>73</ymax>
        </bndbox>
    </object>
</annotation>