
<annotation>
    <folder>images</folder>
    <filename>plantdoc1040.png</filename>
    <size>
        <width>100</width>
        <height>100</height>
        <depth>3</depth>
    </size>
    <segmented>0</segmented>
    <object>
        <name>Tomato mold leaf</name>
        <pose>Unspecified</pose>
        <truncated>0</truncated>
        <occluded>0</occluded>
        <difficult>0</difficult>
        <bndbox>
            <xmin>7</xmin>
            <ymin>30</ymin>
            <xmax>20</xmax>
            <ymax>53</ymax>
        </bndbox>
    </object>
    <object>
        <name>Tomato mold leaf</name>
        <pose>Unspecified</pose>
        <truncated>0</truncated>
        <occluded>0</occluded>
        <difficult>0</difficult>
        <bndbox>
            <xmin>15</xmin>
            <ymin>36</ymin>
            <xmax>22</xmax>
            <ymax>57</ymax>
        </bndbox>
    </object>
    <object>
        <name>Tomato mold leaf</name>
        <pose>Unspecified</pose>
        <truncated>0</truncated>
        <occluded>0</occluded>
        <difficult>0</difficult>
        <bndbox>
            <xmin>60</xmin>
            <ymin>22</ymin>
            <xmax>68</xmax>
            <ymax>47</ymax>
        </bndbox>
    </object>
    <object>
        <name>Tomato mold leaf</name>
        <pose>Unspecified</pose>
        <truncated>0</truncated>
        <occluded>0</occluded>
        <difficult>0</difficult>
        <bndbox>
            <xmin>71</xmin>
            <ymin>41</ymin>
            <xmax>87</xmax>
            <ymax>58</ymax>
        </bndbox>
    </object>
    <object>
        <name>Tomato mold leaf</name>
        <pose>Unspecified</pose>
        <truncated>0</truncated>
        <occluded>0</occluded>
        <difficult>0</difficult>
        <bndbox>
            <xmin>77</xmin>
            <ymin>55</ymin>
            <xmax>88</xmax>
            <ymax>69</ymax>
        </bndbox>
    </object>
    <object>
        <name>Tomato mold leaf</name>
        <pose>Unspecified</pose>
        <truncated>0</truncated>
        <occluded>0</occluded>
        <difficult>0</difficult>
        <bndbox>
            <xmin>69</xmin>
            <ymin>57</ymin>
            <xmax>80</xmax>
            <ymax>68</ymax>
        </bndbox>
    </object>
    <object>
        <name>Tomato mold leaf</name>
        <pose>Unspecified</pose>
        <truncated>0</truncated>
        <occluded>0</occluded>
        <difficult>0</difficult>
        <bndbox>
            <xmin>65</xmin>
            <ymin>48</ymin>
            <xmax>72</xmax>
            <ymax>61</ymax>
        </bndbox>
    </object>
    <object>
        <name>Tomato mold leaf</name>
        <pose>Unspecified</pose>
        <truncated>0</truncated>
        <occluded>0</occluded>
        <difficult>0</difficult>
        <bndbox>
            <xmin>25</xmin>
            <ymin>34</ymin>
            <xmax>32</xmax>
            <ymax>39</ymax>
        </bndbox>
    </object>
    <object>
        <name>Tomato mold leaf</name>
        <pose>Unspecified</pose>
        <truncated>0</truncated>
        <occluded>0</occluded>
        <difficult>0</difficult>
        <bndbox>
            <xmin>35</xmin>
            <ymin>33</ymin>
            <xmax>42</xmax>
            <ymax>40</ymax>
        </bndbox>
    </object>
    <object>
        <name>Tomato mold leaf</name>
        <pose>Unspecified</pose>
        <truncated>0</truncated>
        <occluded>0</occluded>
        <difficult>0</difficult>
        <bndbox>
            <xmin>38</xmin>
            <ymin>39</ymin>
            <xmax>41</xmax>
            <ymax>48</ymax>
        </bndbox>
    </object>
    <object>
        <name>Tomato mold leaf</name>
        <pose>Unspecified</pose>
        <truncated>0</truncated>
        <occluded>0</occluded>
        <difficult>0</difficult>
        <bndbox>
            <xmin>31</xmin>
            <ymin>45</ymin>
            <xmax>39</xmax>
            <ymax>50</ymax>
        </bndbox>
    </object>
    <object>
        <name>Tomato mold leaf</name>
        <pose>Unspecified</pose>
        <truncated>0</truncated>
        <occluded>0</occluded>
        <difficult>0</difficult>
        <bndbox>
            <xmin>28</xmin>
            <ymin>57</ymin>
            <xmax>34</xmax>
            <ymax>71</ymax>
        </bndbox>
    </object>
    <object>
        <name>Tomato mold leaf</name>
        <pose>Unspecified</pose>
        <truncated>0</truncated>
        <occluded>0</occluded>
        <difficult>0</difficult>
        <bndbox>
            <xmin>19</xmin>
            <ymin>45</ymin>
            <xmax>31</xmax>
            <ymax>71</ymax>
        </bndbox>
    </object>
    <object>
        <name>Tomato mold leaf</name>
        <pose>Unspecified</pose>
        <truncated>0</truncated>
        <occluded>0</occluded>
        <difficult>0</difficult>
        <bndbox>
            <xmin>32</xmin>
            <ymin>51</ymin>
            <xmax>41</xmax>
            <ymax>63</ymax>
        </bndbox>
    </object>
    <object>
        <name>Tomato mold leaf</name>
        <pose>Unspecified</pose>
        <truncated>0</truncated>
        <occluded>0</occluded>
        <difficult>0</difficult>
        <bndbox>
            <xmin>42</xmin>
            <ymin>38</ymin>
            <xmax>56</xmax>
            <ymax>49</ymax>
        </bndbox>
    </object>
    <object>
        <name>Tomato mold leaf</name>
        <pose>Unspecified</pose>
        <truncated>0</truncated>
        <occluded>0</occluded>
        <difficult>0</difficult>
        <bndbox>
            <xmin>54</xmin>
            <ymin>41</ymin>
            <xmax>61</xmax>
            <ymax>54</ymax>
        </bndbox>
    </object>
</annotation>