
<annotation>
    <folder>images</folder>
    <filename>plantdoc1302.png</filename>
    <size>
        <width>100</width>
        <height>100</height>
        <depth>3</depth>
    </size>
    <segmented>0</segmented>
    <object>
        <name>Potato leaf late blight</name>
        <pose>Unspecified</pose>
        <truncated>0</truncated>
        <occluded>0</occluded>
        <difficult>0</difficult>
        <bndbox>
            <xmin>14</xmin>
            <ymin>6</ymin>
            <xmax>49</xmax>
            <ymax>97</ymax>
        </bndbox>
    </object>
    <object>
        <name>Potato leaf late blight</name>
        <pose>Unspecified</pose>
        <truncated>0</truncated>
        <occluded>0</occluded>
        <difficult>0</difficult>
        <bndbox>
            <xmin>54</xmin>
            <ymin>20</ymin>
            <xmax>85</xmax>
            <ymax>92</ymax>
        </bndbox>
    </object>
</annotation>