
<annotation>
    <folder>images</folder>
    <filename>plantdoc1211.png</filename>
    <size>
        <width>100</width>
        <height>100</height>
        <depth>3</depth>
    </size>
    <segmented>0</segmented>
    <object>
        <name>Tomato Early blight leaf</name>
        <pose>Unspecified</pose>
        <truncated>0</truncated>
        <occluded>0</occluded>
        <difficult>0</difficult>
        <bndbox>
            <xmin>54</xmin>
            <ymin>43</ymin>
            <xmax>75</xmax>
            <ymax>91</ymax>
        </bndbox>
    </object>
</annotation>