
<annotation>
    <folder>images</folder>
    <filename>plantdoc10.png</filename>
    <size>
        <width>100</width>
        <height>100</height>
        <depth>3</depth>
    </size>
    <segmented>0</segmented>
    <object>
        <name>Peach leaf</name>
        <pose>Unspecified</pose>
        <truncated>0</truncated>
        <occluded>0</occluded>
        <difficult>0</difficult>
        <bndbox>
            <xmin>12</xmin>
            <ymin>1</ymin>
            <xmax>69</xmax>
            <ymax>79</ymax>
        </bndbox>
    </object>
    <object>
        <name>Peach leaf</name>
        <pose>Unspecified</pose>
        <truncated>0</truncated>
        <occluded>0</occluded>
        <difficult>0</difficult>
        <bndbox>
            <xmin>33</xmin>
            <ymin>11</ymin>
            <xmax>68</xmax>
            <ymax>99</ymax>
        </bndbox>
    </object>
</annotation>