
<annotation>
    <folder>images</folder>
    <filename>plantdoc1376.png</filename>
    <size>
        <width>100</width>
        <height>100</height>
        <depth>3</depth>
    </size>
    <segmented>0</segmented>
    <object>
        <name>Strawberry leaf</name>
        <pose>Unspecified</pose>
        <truncated>0</truncated>
        <occluded>0</occluded>
        <difficult>0</difficult>
        <bndbox>
            <xmin>27</xmin>
            <ymin>22</ymin>
            <xmax>62</xmax>
            <ymax>52</ymax>
        </bndbox>
    </object>
    <object>
        <name>Strawberry leaf</name>
        <pose>Unspecified</pose>
        <truncated>0</truncated>
        <occluded>0</occluded>
        <difficult>0</difficult>
        <bndbox>
            <xmin>3</xmin>
            <ymin>51</ymin>
            <xmax>37</xmax>
            <ymax>73</ymax>
        </bndbox>
    </object>
    <object>
        <name>Strawberry leaf</name>
        <pose>Unspecified</pose>
        <truncated>0</truncated>
        <occluded>0</occluded>
        <difficult>0</difficult>
        <bndbox>
            <xmin>33</xmin>
            <ymin>69</ymin>
            <xmax>48</xmax>
            <ymax>91</ymax>
        </bndbox>
    </object>
    <object>
        <name>Strawberry leaf</name>
        <pose>Unspecified</pose>
        <truncated>0</truncated>
        <occluded>0</occluded>
        <difficult>0</difficult>
        <bndbox>
            <xmin>37</xmin>
            <ymin>45</ymin>
            <xmax>51</xmax>
            <ymax>72</ymax>
        </bndbox>
    </object>
    <object>
        <name>Strawberry leaf</name>
        <pose>Unspecified</pose>
        <truncated>0</truncated>
        <occluded>0</occluded>
        <difficult>0</difficult>
        <bndbox>
            <xmin>48</xmin>
            <ymin>0</ymin>
            <xmax>83</xmax>
            <ymax>38</ymax>
        </bndbox>
    </object>
</annotation>