
<annotation>
    <folder>images</folder>
    <filename>plantdoc104.png</filename>
    <size>
        <width>100</width>
        <height>100</height>
        <depth>3</depth>
    </size>
    <segmented>0</segmented>
    <object>
        <name>Cherry leaf</name>
        <pose>Unspecified</pose>
        <truncated>0</truncated>
        <occluded>0</occluded>
        <difficult>0</difficult>
        <bndbox>
            <xmin>27</xmin>
            <ymin>56</ymin>
            <xmax>56</xmax>
            <ymax>96</ymax>
        </bndbox>
    </object>
    <object>
        <name>Cherry leaf</name>
        <pose>Unspecified</pose>
        <truncated>0</truncated>
        <occluded>0</occluded>
        <difficult>0</difficult>
        <bndbox>
            <xmin>53</xmin>
            <ymin>34</ymin>
            <xmax>82</xmax>
            <ymax>65</ymax>
        </bndbox>
    </object>
    <object>
        <name>Cherry leaf</name>
        <pose>Unspecified</pose>
        <truncated>0</truncated>
        <occluded>0</occluded>
        <difficult>0</difficult>
        <bndbox>
            <xmin>64</xmin>
            <ymin>57</ymin>
            <xmax>89</xmax>
            <ymax>99</ymax>
        </bndbox>
    </object>
</annotation>