
<annotation>
    <folder>images</folder>
    <filename>plantdoc1228.png</filename>
    <size>
        <width>100</width>
        <height>100</height>
        <depth>3</depth>
    </size>
    <segmented>0</segmented>
    <object>
        <name>Tomato Early blight leaf</name>
        <pose>Unspecified</pose>
        <truncated>0</truncated>
        <occluded>0</occluded>
        <difficult>0</difficult>
        <bndbox>
            <xmin>16</xmin>
            <ymin>5</ymin>
            <xmax>39</xmax>
            <ymax>55</ymax>
        </bndbox>
    </object>
    <object>
        <name>Tomato Early blight leaf</name>
        <pose>Unspecified</pose>
        <truncated>0</truncated>
        <occluded>0</occluded>
        <difficult>0</difficult>
        <bndbox>
            <xmin>29</xmin>
            <ymin>46</ymin>
            <xmax>52</xmax>
            <ymax>81</ymax>
        </bndbox>
    </object>
    <object>
        <name>Tomato Early blight leaf</name>
        <pose>Unspecified</pose>
        <truncated>0</truncated>
        <occluded>0</occluded>
        <difficult>0</difficult>
        <bndbox>
            <xmin>13</xmin>
            <ymin>42</ymin>
            <xmax>30</xmax>
            <ymax>96</ymax>
        </bndbox>
    </object>
    <object>
        <name>Tomato Early blight leaf</name>
        <pose>Unspecified</pose>
        <truncated>0</truncated>
        <occluded>0</occluded>
        <difficult>0</difficult>
        <bndbox>
            <xmin>40</xmin>
            <ymin>16</ymin>
            <xmax>54</xmax>
            <ymax>55</ymax>
        </bndbox>
    </object>
</annotation>