
<annotation>
    <folder>images</folder>
    <filename>plantdoc1358.png</filename>
    <size>
        <width>100</width>
        <height>100</height>
        <depth>3</depth>
    </size>
    <segmented>0</segmented>
    <object>
        <name>Tomato leaf late blight</name>
        <pose>Unspecified</pose>
        <truncated>0</truncated>
        <occluded>0</occluded>
        <difficult>0</difficult>
        <bndbox>
            <xmin>52</xmin>
            <ymin>43</ymin>
            <xmax>63</xmax>
            <ymax>69</ymax>
        </bndbox>
    </object>
    <object>
        <name>Tomato leaf late blight</name>
        <pose>Unspecified</pose>
        <truncated>0</truncated>
        <occluded>0</occluded>
        <difficult>0</difficult>
        <bndbox>
            <xmin>58</xmin>
            <ymin>67</ymin>
            <xmax>76</xmax>
            <ymax>81</ymax>
        </bndbox>
    </object>
    <object>
        <name>Tomato leaf late blight</name>
        <pose>Unspecified</pose>
        <truncated>0</truncated>
        <occluded>0</occluded>
        <difficult>0</difficult>
        <bndbox>
            <xmin>21</xmin>
            <ymin>25</ymin>
            <xmax>35</xmax>
            <ymax>58</ymax>
        </bndbox>
    </object>
    <object>
        <name>Tomato leaf late blight</name>
        <pose>Unspecified</pose>
        <truncated>0</truncated>
        <occluded>0</occluded>
        <difficult>0</difficult>
        <bndbox>
            <xmin>33</xmin>
            <ymin>43</ymin>
            <xmax>43</xmax>
            <ymax>69</ymax>
        </bndbox>
    </object>
    <object>
        <name>Tomato leaf late blight</name>
        <pose>Unspecified</pose>
        <truncated>0</truncated>
        <occluded>0</occluded>
        <difficult>0</difficult>
        <bndbox>
            <xmin>39</xmin>
            <ymin>16</ymin>
            <xmax>52</xmax>
            <ymax>41</ymax>
        </bndbox>
    </object>
    <object>
        <name>Tomato leaf late blight</name>
        <pose>Unspecified</pose>
        <truncated>0</truncated>
        <occluded>0</occluded>
        <difficult>0</difficult>
        <bndbox>
            <xmin>47</xmin>
            <ymin>7</ymin>
            <xmax>60</xmax>
            <ymax>18</ymax>
        </bndbox>
    </object>
    <object>
        <name>Tomato leaf late blight</name>
        <pose>Unspecified</pose>
        <truncated>0</truncated>
        <occluded>0</occluded>
        <difficult>0</difficult>
        <bndbox>
            <xmin>43</xmin>
            <ymin>33</ymin>
            <xmax>56</xmax>
            <ymax>58</ymax>
        </bndbox>
    </object>
    <object>
        <name>Tomato leaf late blight</name>
        <pose>Unspecified</pose>
        <truncated>0</truncated>
        <occluded>0</occluded>
        <difficult>0</difficult>
        <bndbox>
            <xmin>31</xmin>
            <ymin>68</ymin>
            <xmax>56</xmax>
            <ymax>83</ymax>
        </bndbox>
    </object>
    <object>
        <name>Tomato leaf late blight</name>
        <pose>Unspecified</pose>
        <truncated>0</truncated>
        <occluded>0</occluded>
        <difficult>0</difficult>
        <bndbox>
            <xmin>83</xmin>
            <ymin>50</ymin>
            <xmax>99</xmax>
            <ymax>93</ymax>
        </bndbox>
    </object>
    <object>
        <name>Tomato leaf late blight</name>
        <pose>Unspecified</pose>
        <truncated>0</truncated>
        <occluded>0</occluded>
        <difficult>0</difficult>
        <bndbox>
            <xmin>72</xmin>
            <ymin>34</ymin>
            <xmax>89</xmax>
            <ymax>49</ymax>
        </bndbox>
    </object>
    <object>
        <name>Tomato leaf late blight</name>
        <pose>Unspecified</pose>
        <truncated>0</truncated>
        <occluded>0</occluded>
        <difficult>0</difficult>
        <bndbox>
            <xmin>60</xmin>
            <ymin>45</ymin>
            <xmax>79</xmax>
            <ymax>71</ymax>
        </bndbox>
    </object>
</annotation>