
<annotation>
    <folder>images</folder>
    <filename>plantdoc1078.png</filename>
    <size>
        <width>100</width>
        <height>100</height>
        <depth>3</depth>
    </size>
    <segmented>0</segmented>
    <object>
        <name>Tomato leaf bacterial spot</name>
        <pose>Unspecified</pose>
        <truncated>0</truncated>
        <occluded>0</occluded>
        <difficult>0</difficult>
        <bndbox>
            <xmin>79</xmin>
            <ymin>35</ymin>
            <xmax>99</xmax>
            <ymax>91</ymax>
        </bndbox>
    </object>
    <object>
        <name>Tomato leaf bacterial spot</name>
        <pose>Unspecified</pose>
        <truncated>0</truncated>
        <occluded>0</occluded>
        <difficult>0</difficult>
        <bndbox>
            <xmin>60</xmin>
            <ymin>15</ymin>
            <xmax>74</xmax>
            <ymax>64</ymax>
        </bndbox>
    </object>
    <object>
        <name>Tomato leaf bacterial spot</name>
        <pose>Unspecified</pose>
        <truncated>0</truncated>
        <occluded>0</occluded>
        <difficult>0</difficult>
        <bndbox>
            <xmin>31</xmin>
            <ymin>22</ymin>
            <xmax>49</xmax>
            <ymax>99</ymax>
        </bndbox>
    </object>
    <object>
        <name>Tomato leaf bacterial spot</name>
        <pose>Unspecified</pose>
        <truncated>0</truncated>
        <occluded>0</occluded>
        <difficult>0</difficult>
        <bndbox>
            <xmin>5</xmin>
            <ymin>16</ymin>
            <xmax>34</xmax>
            <ymax>98</ymax>
        </bndbox>
    </object>
</annotation>