
<annotation>
    <folder>images</folder>
    <filename>plantdoc1371.png</filename>
    <size>
        <width>100</width>
        <height>100</height>
        <depth>3</depth>
    </size>
    <segmented>0</segmented>
    <object>
        <name>Bell_pepper leaf spot</name>
        <pose>Unspecified</pose>
        <truncated>0</truncated>
        <occluded>0</occluded>
        <difficult>0</difficult>
        <bndbox>
            <xmin>15</xmin>
            <ymin>45</ymin>
            <xmax>64</xmax>
            <ymax>62</ymax>
        </bndbox>
    </object>
    <object>
        <name>Bell_pepper leaf spot</name>
        <pose>Unspecified</pose>
        <truncated>0</truncated>
        <occluded>0</occluded>
        <difficult>0</difficult>
        <bndbox>
            <xmin>60</xmin>
            <ymin>52</ymin>
            <xmax>99</xmax>
            <ymax>73</ymax>
        </bndbox>
    </object>
    <object>
        <name>Bell_pepper leaf spot</name>
        <pose>Unspecified</pose>
        <truncated>0</truncated>
        <occluded>0</occluded>
        <difficult>0</difficult>
        <bndbox>
            <xmin>39</xmin>
            <ymin>69</ymin>
            <xmax>98</xmax>
            <ymax>99</ymax>
        </bndbox>
    </object>
    <object>
        <name>Bell_pepper leaf spot</name>
        <pose>Unspecified</pose>
        <truncated>0</truncated>
        <occluded>0</occluded>
        <difficult>0</difficult>
        <bndbox>
            <xmin>55</xmin>
            <ymin>18</ymin>
            <xmax>93</xmax>
            <ymax>35</ymax>
        </bndbox>
    </object>
    <object>
        <name>Bell_pepper leaf spot</name>
        <pose>Unspecified</pose>
        <truncated>0</truncated>
        <occluded>0</occluded>
        <difficult>0</difficult>
        <bndbox>
            <xmin>11</xmin>
            <ymin>23</ymin>
            <xmax>33</xmax>
            <ymax>34</ymax>
        </bndbox>
    </object>
    <object>
        <name>Bell_pepper leaf spot</name>
        <pose>Unspecified</pose>
        <truncated>0</truncated>
        <occluded>0</occluded>
        <difficult>0</difficult>
        <bndbox>
            <xmin>33</xmin>
            <ymin>31</ymin>
            <xmax>62</xmax>
            <ymax>43</ymax>
        </bndbox>
    </object>
</annotation>