
<annotation>
    <folder>images</folder>
    <filename>plantdoc126.png</filename>
    <size>
        <width>100</width>
        <height>100</height>
        <depth>3</depth>
    </size>
    <segmented>0</segmented>
    <object>
        <name>Peach leaf</name>
        <pose>Unspecified</pose>
        <truncated>0</truncated>
        <occluded>0</occluded>
        <difficult>0</difficult>
        <bndbox>
            <xmin>13</xmin>
            <ymin>1</ymin>
            <xmax>35</xmax>
            <ymax>99</ymax>
        </bndbox>
    </object>
    <object>
        <name>Peach leaf</name>
        <pose>Unspecified</pose>
        <truncated>0</truncated>
        <occluded>0</occluded>
        <difficult>0</difficult>
        <bndbox>
            <xmin>36</xmin>
            <ymin>1</ymin>
            <xmax>57</xmax>
            <ymax>99</ymax>
        </bndbox>
    </object>
    <object>
        <name>Peach leaf</name>
        <pose>Unspecified</pose>
        <truncated>0</truncated>
        <occluded>0</occluded>
        <difficult>0</difficult>
        <bndbox>
            <xmin>63</xmin>
            <ymin>0</ymin>
            <xmax>84</xmax>
            <ymax>99</ymax>
        </bndbox>
    </object>
    <object>
        <name>Peach leaf</name>
        <pose>Unspecified</pose>
        <truncated>0</truncated>
        <occluded>0</occluded>
        <difficult>0</difficult>
        <bndbox>
            <xmin>81</xmin>
            <ymin>1</ymin>
            <xmax>99</xmax>
            <ymax>99</ymax>
        </bndbox>
    </object>
    <object>
        <name>Peach leaf</name>
        <pose>Unspecified</pose>
        <truncated>0</truncated>
        <occluded>0</occluded>
        <difficult>0</difficult>
        <bndbox>
            <xmin>2</xmin>
            <ymin>5</ymin>
            <xmax>15</xmax>
            <ymax>94</ymax>
        </bndbox>
    </object>
</annotation>