
<annotation>
    <folder>images</folder>
    <filename>plantdoc1366.png</filename>
    <size>
        <width>100</width>
        <height>100</height>
        <depth>3</depth>
    </size>
    <segmented>0</segmented>
    <object>
        <name>Strawberry leaf</name>
        <pose>Unspecified</pose>
        <truncated>0</truncated>
        <occluded>0</occluded>
        <difficult>0</difficult>
        <bndbox>
            <xmin>44</xmin>
            <ymin>46</ymin>
            <xmax>73</xmax>
            <ymax>77</ymax>
        </bndbox>
    </object>
    <object>
        <name>Strawberry leaf</name>
        <pose>Unspecified</pose>
        <truncated>0</truncated>
        <occluded>0</occluded>
        <difficult>0</difficult>
        <bndbox>
            <xmin>14</xmin>
            <ymin>36</ymin>
            <xmax>38</xmax>
            <ymax>94</ymax>
        </bndbox>
    </object>
    <object>
        <name>Strawberry leaf</name>
        <pose>Unspecified</pose>
        <truncated>0</truncated>
        <occluded>0</occluded>
        <difficult>0</difficult>
        <bndbox>
            <xmin>0</xmin>
            <ymin>19</ymin>
            <xmax>31</xmax>
            <ymax>51</ymax>
        </bndbox>
    </object>
    <object>
        <name>Strawberry leaf</name>
        <pose>Unspecified</pose>
        <truncated>0</truncated>
        <occluded>0</occluded>
        <difficult>0</difficult>
        <bndbox>
            <xmin>32</xmin>
            <ymin>7</ymin>
            <xmax>50</xmax>
            <ymax>42</ymax>
        </bndbox>
    </object>
</annotation>