
<annotation>
    <folder>images</folder>
    <filename>plantdoc1003.png</filename>
    <size>
        <width>100</width>
        <height>100</height>
        <depth>3</depth>
    </size>
    <segmented>0</segmented>
    <object>
        <name>Corn rust leaf</name>
        <pose>Unspecified</pose>
        <truncated>0</truncated>
        <occluded>0</occluded>
        <difficult>0</difficult>
        <bndbox>
            <xmin>21</xmin>
            <ymin>0</ymin>
            <xmax>98</xmax>
            <ymax>99</ymax>
        </bndbox>
    </object>
</annotation>