
<annotation>
    <folder>images</folder>
    <filename>plantdoc1368.png</filename>
    <size>
        <width>100</width>
        <height>100</height>
        <depth>3</depth>
    </size>
    <segmented>0</segmented>
    <object>
        <name>Raspberry leaf</name>
        <pose>Unspecified</pose>
        <truncated>0</truncated>
        <occluded>0</occluded>
        <difficult>0</difficult>
        <bndbox>
            <xmin>17</xmin>
            <ymin>11</ymin>
            <xmax>57</xmax>
            <ymax>61</ymax>
        </bndbox>
    </object>
    <object>
        <name>Raspberry leaf</name>
        <pose>Unspecified</pose>
        <truncated>0</truncated>
        <occluded>0</occluded>
        <difficult>0</difficult>
        <bndbox>
            <xmin>58</xmin>
            <ymin>33</ymin>
            <xmax>82</xmax>
            <ymax>67</ymax>
        </bndbox>
    </object>
    <object>
        <name>Raspberry leaf</name>
        <pose>Unspecified</pose>
        <truncated>0</truncated>
        <occluded>0</occluded>
        <difficult>0</difficult>
        <bndbox>
            <xmin>45</xmin>
            <ymin>61</ymin>
            <xmax>67</xmax>
            <ymax>94</ymax>
        </bndbox>
    </object>
    <object>
        <name>Raspberry leaf</name>
        <pose>Unspecified</pose>
        <truncated>0</truncated>
        <occluded>0</occluded>
        <difficult>0</difficult>
        <bndbox>
            <xmin>16</xmin>
            <ymin>52</ymin>
            <xmax>52</xmax>
            <ymax>81</ymax>
        </bndbox>
    </object>
    <object>
        <name>Raspberry leaf</name>
        <pose>Unspecified</pose>
        <truncated>0</truncated>
        <occluded>0</occluded>
        <difficult>0</difficult>
        <bndbox>
            <xmin>51</xmin>
            <ymin>15</ymin>
            <xmax>72</xmax>
            <ymax>55</ymax>
        </bndbox>
    </object>
</annotation>