
<annotation>
    <folder>images</folder>
    <filename>plantdoc120.png</filename>
    <size>
        <width>100</width>
        <height>100</height>
        <depth>3</depth>
    </size>
    <segmented>0</segmented>
    <object>
        <name>Soyabean leaf</name>
        <pose>Unspecified</pose>
        <truncated>0</truncated>
        <occluded>0</occluded>
        <difficult>0</difficult>
        <bndbox>
            <xmin>49</xmin>
            <ymin>14</ymin>
            <xmax>56</xmax>
            <ymax>29</ymax>
        </bndbox>
    </object>
    <object>
        <name>Soyabean leaf</name>
        <pose>Unspecified</pose>
        <truncated>0</truncated>
        <occluded>0</occluded>
        <difficult>0</difficult>
        <bndbox>
            <xmin>40</xmin>
            <ymin>23</ymin>
            <xmax>50</xmax>
            <ymax>30</ymax>
        </bndbox>
    </object>
    <object>
        <name>Soyabean leaf</name>
        <pose>Unspecified</pose>
        <truncated>0</truncated>
        <occluded>0</occluded>
        <difficult>0</difficult>
        <bndbox>
            <xmin>2</xmin>
            <ymin>33</ymin>
            <xmax>19</xmax>
            <ymax>53</ymax>
        </bndbox>
    </object>
    <object>
        <name>Soyabean leaf</name>
        <pose>Unspecified</pose>
        <truncated>0</truncated>
        <occluded>0</occluded>
        <difficult>0</difficult>
        <bndbox>
            <xmin>25</xmin>
            <ymin>20</ymin>
            <xmax>32</xmax>
            <ymax>34</ymax>
        </bndbox>
    </object>
    <object>
        <name>Soyabean leaf</name>
        <pose>Unspecified</pose>
        <truncated>0</truncated>
        <occluded>0</occluded>
        <difficult>0</difficult>
        <bndbox>
            <xmin>33</xmin>
            <ymin>21</ymin>
            <xmax>40</xmax>
            <ymax>31</ymax>
        </bndbox>
    </object>
    <object>
        <name>Soyabean leaf</name>
        <pose>Unspecified</pose>
        <truncated>0</truncated>
        <occluded>0</occluded>
        <difficult>0</difficult>
        <bndbox>
            <xmin>69</xmin>
            <ymin>9</ymin>
            <xmax>81</xmax>
            <ymax>26</ymax>
        </bndbox>
    </object>
    <object>
        <name>Soyabean leaf</name>
        <pose>Unspecified</pose>
        <truncated>0</truncated>
        <occluded>0</occluded>
        <difficult>0</difficult>
        <bndbox>
            <xmin>56</xmin>
            <ymin>34</ymin>
            <xmax>64</xmax>
            <ymax>46</ymax>
        </bndbox>
    </object>
    <object>
        <name>Soyabean leaf</name>
        <pose>Unspecified</pose>
        <truncated>0</truncated>
        <occluded>0</occluded>
        <difficult>0</difficult>
        <bndbox>
            <xmin>44</xmin>
            <ymin>39</ymin>
            <xmax>49</xmax>
            <ymax>49</ymax>
        </bndbox>
    </object>
    <object>
        <name>Soyabean leaf</name>
        <pose>Unspecified</pose>
        <truncated>0</truncated>
        <occluded>0</occluded>
        <difficult>0</difficult>
        <bndbox>
            <xmin>28</xmin>
            <ymin>64</ymin>
            <xmax>36</xmax>
            <ymax>75</ymax>
        </bndbox>
    </object>
    <object>
        <name>Soyabean leaf</name>
        <pose>Unspecified</pose>
        <truncated>0</truncated>
        <occluded>0</occluded>
        <difficult>0</difficult>
        <bndbox>
            <xmin>38</xmin>
            <ymin>79</ymin>
            <xmax>50</xmax>
            <ymax>95</ymax>
        </bndbox>
    </object>
</annotation>