
<annotation>
    <folder>images</folder>
    <filename>plantdoc1111.png</filename>
    <size>
        <width>100</width>
        <height>100</height>
        <depth>3</depth>
    </size>
    <segmented>0</segmented>
    <object>
        <name>grape leaf black rot</name>
        <pose>Unspecified</pose>
        <truncated>0</truncated>
        <occluded>0</occluded>
        <difficult>0</difficult>
        <bndbox>
            <xmin>37</xmin>
            <ymin>2</ymin>
            <xmax>72</xmax>
            <ymax>46</ymax>
        </bndbox>
    </object>
    <object>
        <name>grape leaf black rot</name>
        <pose>Unspecified</pose>
        <truncated>0</truncated>
        <occluded>0</occluded>
        <difficult>0</difficult>
        <bndbox>
            <xmin>39</xmin>
            <ymin>42</ymin>
            <xmax>88</xmax>
            <ymax>98</ymax>
        </bndbox>
    </object>
</annotation>