
<annotation>
    <folder>images</folder>
    <filename>plantdoc1015.png</filename>
    <size>
        <width>100</width>
        <height>100</height>
        <depth>3</depth>
    </size>
    <segmented>0</segmented>
    <object>
        <name>Cherry leaf</name>
        <pose>Unspecified</pose>
        <truncated>0</truncated>
        <occluded>0</occluded>
        <difficult>0</difficult>
        <bndbox>
            <xmin>11</xmin>
            <ymin>1</ymin>
            <xmax>36</xmax>
            <ymax>36</ymax>
        </bndbox>
    </object>
    <object>
        <name>Cherry leaf</name>
        <pose>Unspecified</pose>
        <truncated>0</truncated>
        <occluded>0</occluded>
        <difficult>0</difficult>
        <bndbox>
            <xmin>53</xmin>
            <ymin>5</ymin>
            <xmax>87</xmax>
            <ymax>35</ymax>
        </bndbox>
    </object>
    <object>
        <name>Cherry leaf</name>
        <pose>Unspecified</pose>
        <truncated>0</truncated>
        <occluded>0</occluded>
        <difficult>0</difficult>
        <bndbox>
            <xmin>55</xmin>
            <ymin>31</ymin>
            <xmax>90</xmax>
            <ymax>60</ymax>
        </bndbox>
    </object>
    <object>
        <name>Cherry leaf</name>
        <pose>Unspecified</pose>
        <truncated>0</truncated>
        <occluded>0</occluded>
        <difficult>0</difficult>
        <bndbox>
            <xmin>34</xmin>
            <ymin>34</ymin>
            <xmax>53</xmax>
            <ymax>72</ymax>
        </bndbox>
    </object>
    <object>
        <name>Cherry leaf</name>
        <pose>Unspecified</pose>
        <truncated>0</truncated>
        <occluded>0</occluded>
        <difficult>0</difficult>
        <bndbox>
            <xmin>49</xmin>
            <ymin>41</ymin>
            <xmax>74</xmax>
            <ymax>80</ymax>
        </bndbox>
    </object>
</annotation>