
<annotation>
    <folder>images</folder>
    <filename>plantdoc1435.png</filename>
    <size>
        <width>100</width>
        <height>100</height>
        <depth>3</depth>
    </size>
    <segmented>0</segmented>
    <object>
        <name>Apple rust leaf</name>
        <pose>Unspecified</pose>
        <truncated>0</truncated>
        <occluded>0</occluded>
        <difficult>0</difficult>
        <bndbox>
            <xmin>7</xmin>
            <ymin>12</ymin>
            <xmax>39</xmax>
            <ymax>92</ymax>
        </bndbox>
    </object>
    <object>
        <name>Apple rust leaf</name>
        <pose>Unspecified</pose>
        <truncated>0</truncated>
        <occluded>0</occluded>
        <difficult>0</difficult>
        <bndbox>
            <xmin>59</xmin>
            <ymin>11</ymin>
            <xmax>98</xmax>
            <ymax>91</ymax>
        </bndbox>
    </object>
</annotation>