
<annotation>
    <folder>images</folder>
    <filename>plantdoc124.png</filename>
    <size>
        <width>100</width>
        <height>100</height>
        <depth>3</depth>
    </size>
    <segmented>0</segmented>
    <object>
        <name>Apple leaf</name>
        <pose>Unspecified</pose>
        <truncated>0</truncated>
        <occluded>0</occluded>
        <difficult>0</difficult>
        <bndbox>
            <xmin>4</xmin>
            <ymin>0</ymin>
            <xmax>35</xmax>
            <ymax>39</ymax>
        </bndbox>
    </object>
    <object>
        <name>Apple leaf</name>
        <pose>Unspecified</pose>
        <truncated>0</truncated>
        <occluded>0</occluded>
        <difficult>0</difficult>
        <bndbox>
            <xmin>12</xmin>
            <ymin>46</ymin>
            <xmax>56</xmax>
            <ymax>92</ymax>
        </bndbox>
    </object>
    <object>
        <name>Apple leaf</name>
        <pose>Unspecified</pose>
        <truncated>0</truncated>
        <occluded>0</occluded>
        <difficult>0</difficult>
        <bndbox>
            <xmin>58</xmin>
            <ymin>43</ymin>
            <xmax>82</xmax>
            <ymax>63</ymax>
        </bndbox>
    </object>
    <object>
        <name>Apple leaf</name>
        <pose>Unspecified</pose>
        <truncated>0</truncated>
        <occluded>0</occluded>
        <difficult>0</difficult>
        <bndbox>
            <xmin>64</xmin>
            <ymin>5</ymin>
            <xmax>99</xmax>
            <ymax>57</ymax>
        </bndbox>
    </object>
</annotation>