
<annotation>
    <folder>images</folder>
    <filename>plantdoc141.png</filename>
    <size>
        <width>100</width>
        <height>100</height>
        <depth>3</depth>
    </size>
    <segmented>0</segmented>
    <object>
        <name>Soyabean leaf</name>
        <pose>Unspecified</pose>
        <truncated>0</truncated>
        <occluded>0</occluded>
        <difficult>0</difficult>
        <bndbox>
            <xmin>31</xmin>
            <ymin>36</ymin>
            <xmax>50</xmax>
            <ymax>60</ymax>
        </bndbox>
    </object>
    <object>
        <name>Soyabean leaf</name>
        <pose>Unspecified</pose>
        <truncated>0</truncated>
        <occluded>0</occluded>
        <difficult>0</difficult>
        <bndbox>
            <xmin>40</xmin>
            <ymin>51</ymin>
            <xmax>59</xmax>
            <ymax>71</ymax>
        </bndbox>
    </object>
    <object>
        <name>Soyabean leaf</name>
        <pose>Unspecified</pose>
        <truncated>0</truncated>
        <occluded>0</occluded>
        <difficult>0</difficult>
        <bndbox>
            <xmin>67</xmin>
            <ymin>62</ymin>
            <xmax>87</xmax>
            <ymax>80</ymax>
        </bndbox>
    </object>
    <object>
        <name>Soyabean leaf</name>
        <pose>Unspecified</pose>
        <truncated>0</truncated>
        <occluded>0</occluded>
        <difficult>0</difficult>
        <bndbox>
            <xmin>56</xmin>
            <ymin>63</ymin>
            <xmax>70</xmax>
            <ymax>84</ymax>
        </bndbox>
    </object>
    <object>
        <name>Soyabean leaf</name>
        <pose>Unspecified</pose>
        <truncated>0</truncated>
        <occluded>0</occluded>
        <difficult>0</difficult>
        <bndbox>
            <xmin>61</xmin>
            <ymin>50</ymin>
            <xmax>77</xmax>
            <ymax>70</ymax>
        </bndbox>
    </object>
    <object>
        <name>Soyabean leaf</name>
        <pose>Unspecified</pose>
        <truncated>0</truncated>
        <occluded>0</occluded>
        <difficult>0</difficult>
        <bndbox>
            <xmin>73</xmin>
            <ymin>23</ymin>
            <xmax>88</xmax>
            <ymax>44</ymax>
        </bndbox>
    </object>
    <object>
        <name>Soyabean leaf</name>
        <pose>Unspecified</pose>
        <truncated>0</truncated>
        <occluded>0</occluded>
        <difficult>0</difficult>
        <bndbox>
            <xmin>61</xmin>
            <ymin>25</ymin>
            <xmax>72</xmax>
            <ymax>47</ymax>
        </bndbox>
    </object>
    <object>
        <name>Soyabean leaf</name>
        <pose>Unspecified</pose>
        <truncated>0</truncated>
        <occluded>0</occluded>
        <difficult>0</difficult>
        <bndbox>
            <xmin>61</xmin>
            <ymin>45</ymin>
            <xmax>76</xmax>
            <ymax>55</ymax>
        </bndbox>
    </object>
    <object>
        <name>Soyabean leaf</name>
        <pose>Unspecified</pose>
        <truncated>0</truncated>
        <occluded>0</occluded>
        <difficult>0</difficult>
        <bndbox>
            <xmin>52</xmin>
            <ymin>24</ymin>
            <xmax>63</xmax>
            <ymax>47</ymax>
        </bndbox>
    </object>
    <object>
        <name>Soyabean leaf</name>
        <pose>Unspecified</pose>
        <truncated>0</truncated>
        <occluded>0</occluded>
        <difficult>0</difficult>
        <bndbox>
            <xmin>79</xmin>
            <ymin>5</ymin>
            <xmax>96</xmax>
            <ymax>26</ymax>
        </bndbox>
    </object>
    <object>
        <name>Soyabean leaf</name>
        <pose>Unspecified</pose>
        <truncated>0</truncated>
        <occluded>0</occluded>
        <difficult>0</difficult>
        <bndbox>
            <xmin>69</xmin>
            <ymin>8</ymin>
            <xmax>80</xmax>
            <ymax>29</ymax>
        </bndbox>
    </object>
    <object>
        <name>Soyabean leaf</name>
        <pose>Unspecified</pose>
        <truncated>0</truncated>
        <occluded>0</occluded>
        <difficult>0</difficult>
        <bndbox>
            <xmin>38</xmin>
            <ymin>15</ymin>
            <xmax>51</xmax>
            <ymax>40</ymax>
        </bndbox>
    </object>
    <object>
        <name>Soyabean leaf</name>
        <pose>Unspecified</pose>
        <truncated>0</truncated>
        <occluded>0</occluded>
        <difficult>0</difficult>
        <bndbox>
            <xmin>24</xmin>
            <ymin>20</ymin>
            <xmax>40</xmax>
            <ymax>38</ymax>
        </bndbox>
    </object>
    <object>
        <name>Soyabean leaf</name>
        <pose>Unspecified</pose>
        <truncated>0</truncated>
        <occluded>0</occluded>
        <difficult>0</difficult>
        <bndbox>
            <xmin>17</xmin>
            <ymin>43</ymin>
            <xmax>30</xmax>
            <ymax>61</ymax>
        </bndbox>
    </object>
    <object>
        <name>Soyabean leaf</name>
        <pose>Unspecified</pose>
        <truncated>0</truncated>
        <occluded>0</occluded>
        <difficult>0</difficult>
        <bndbox>
            <xmin>4</xmin>
            <ymin>45</ymin>
            <xmax>20</xmax>
            <ymax>62</ymax>
        </bndbox>
    </object>
    <object>
        <name>Soyabean leaf</name>
        <pose>Unspecified</pose>
        <truncated>0</truncated>
        <occluded>0</occluded>
        <difficult>0</difficult>
        <bndbox>
            <xmin>27</xmin>
            <ymin>68</ymin>
            <xmax>43</xmax>
            <ymax>89</ymax>
        </bndbox>
    </object>
    <object>
        <name>Soyabean leaf</name>
        <pose>Unspecified</pose>
        <truncated>0</truncated>
        <occluded>0</occluded>
        <difficult>0</difficult>
        <bndbox>
            <xmin>15</xmin>
            <ymin>59</ymin>
            <xmax>31</xmax>
            <ymax>76</ymax>
        </bndbox>
    </object>
    <object>
        <name>Soyabean leaf</name>
        <pose>Unspecified</pose>
        <truncated>0</truncated>
        <occluded>0</occluded>
        <difficult>0</difficult>
        <bndbox>
            <xmin>8</xmin>
            <ymin>64</ymin>
            <xmax>21</xmax>
            <ymax>89</ymax>
        </bndbox>
    </object>
    <object>
        <name>Soyabean leaf</name>
        <pose>Unspecified</pose>
        <truncated>0</truncated>
        <occluded>0</occluded>
        <difficult>0</difficult>
        <bndbox>
            <xmin>0</xmin>
            <ymin>35</ymin>
            <xmax>18</xmax>
            <ymax>50</ymax>
        </bndbox>
    </object>
    <object>
        <name>Soyabean leaf</name>
        <pose>Unspecified</pose>
        <truncated>0</truncated>
        <occluded>0</occluded>
        <difficult>0</difficult>
        <bndbox>
            <xmin>12</xmin>
            <ymin>18</ymin>
            <xmax>25</xmax>
            <ymax>37</ymax>
        </bndbox>
    </object>
    <object>
        <name>Soyabean leaf</name>
        <pose>Unspecified</pose>
        <truncated>0</truncated>
        <occluded>0</occluded>
        <difficult>0</difficult>
        <bndbox>
            <xmin>2</xmin>
            <ymin>11</ymin>
            <xmax>15</xmax>
            <ymax>34</ymax>
        </bndbox>
    </object>
    <object>
        <name>Soyabean leaf</name>
        <pose>Unspecified</pose>
        <truncated>0</truncated>
        <occluded>0</occluded>
        <difficult>0</difficult>
        <bndbox>
            <xmin>16</xmin>
            <ymin>11</ymin>
            <xmax>32</xmax>
            <ymax>21</ymax>
        </bndbox>
    </object>
    <object>
        <name>Soyabean leaf</name>
        <pose>Unspecified</pose>
        <truncated>0</truncated>
        <occluded>0</occluded>
        <difficult>0</difficult>
        <bndbox>
            <xmin>9</xmin>
            <ymin>2</ymin>
            <xmax>21</xmax>
            <ymax>19</ymax>
        </bndbox>
    </object>
</annotation>