
<annotation>
    <folder>images</folder>
    <filename>plantdoc1222.png</filename>
    <size>
        <width>100</width>
        <height>100</height>
        <depth>3</depth>
    </size>
    <segmented>0</segmented>
    <object>
        <name>Apple rust leaf</name>
        <pose>Unspecified</pose>
        <truncated>0</truncated>
        <occluded>0</occluded>
        <difficult>0</difficult>
        <bndbox>
            <xmin>35</xmin>
            <ymin>21</ymin>
            <xmax>51</xmax>
            <ymax>51</ymax>
        </bndbox>
    </object>
    <object>
        <name>Apple rust leaf</name>
        <pose>Unspecified</pose>
        <truncated>0</truncated>
        <occluded>0</occluded>
        <difficult>0</difficult>
        <bndbox>
            <xmin>62</xmin>
            <ymin>37</ymin>
            <xmax>86</xmax>
            <ymax>61</ymax>
        </bndbox>
    </object>
    <object>
        <name>Apple rust leaf</name>
        <pose>Unspecified</pose>
        <truncated>0</truncated>
        <occluded>0</occluded>
        <difficult>0</difficult>
        <bndbox>
            <xmin>34</xmin>
            <ymin>52</ymin>
            <xmax>55</xmax>
            <ymax>73</ymax>
        </bndbox>
    </object>
</annotation>