
<annotation>
    <folder>images</folder>
    <filename>plantdoc1045.png</filename>
    <size>
        <width>100</width>
        <height>100</height>
        <depth>3</depth>
    </size>
    <segmented>0</segmented>
    <object>
        <name>Corn leaf blight</name>
        <pose>Unspecified</pose>
        <truncated>0</truncated>
        <occluded>0</occluded>
        <difficult>0</difficult>
        <bndbox>
            <xmin>40</xmin>
            <ymin>1</ymin>
            <xmax>99</xmax>
            <ymax>87</ymax>
        </bndbox>
    </object>
    <object>
        <name>Corn leaf blight</name>
        <pose>Unspecified</pose>
        <truncated>0</truncated>
        <occluded>0</occluded>
        <difficult>0</difficult>
        <bndbox>
            <xmin>47</xmin>
            <ymin>18</ymin>
            <xmax>61</xmax>
            <ymax>19</ymax>
        </bndbox>
    </object>
    <object>
        <name>Corn leaf blight</name>
        <pose>Unspecified</pose>
        <truncated>0</truncated>
        <occluded>0</occluded>
        <difficult>0</difficult>
        <bndbox>
            <xmin>17</xmin>
            <ymin>51</ymin>
            <xmax>40</xmax>
            <ymax>81</ymax>
        </bndbox>
    </object>
</annotation>