
<annotation>
    <folder>images</folder>
    <filename>plantdoc1275.png</filename>
    <size>
        <width>100</width>
        <height>100</height>
        <depth>3</depth>
    </size>
    <segmented>0</segmented>
    <object>
        <name>Bell_pepper leaf</name>
        <pose>Unspecified</pose>
        <truncated>0</truncated>
        <occluded>0</occluded>
        <difficult>0</difficult>
        <bndbox>
            <xmin>59</xmin>
            <ymin>28</ymin>
            <xmax>97</xmax>
            <ymax>64</ymax>
        </bndbox>
    </object>
    <object>
        <name>Bell_pepper leaf</name>
        <pose>Unspecified</pose>
        <truncated>0</truncated>
        <occluded>0</occluded>
        <difficult>0</difficult>
        <bndbox>
            <xmin>47</xmin>
            <ymin>0</ymin>
            <xmax>64</xmax>
            <ymax>34</ymax>
        </bndbox>
    </object>
    <object>
        <name>Bell_pepper leaf</name>
        <pose>Unspecified</pose>
        <truncated>0</truncated>
        <occluded>0</occluded>
        <difficult>0</difficult>
        <bndbox>
            <xmin>25</xmin>
            <ymin>10</ymin>
            <xmax>44</xmax>
            <ymax>39</ymax>
        </bndbox>
    </object>
    <object>
        <name>Bell_pepper leaf</name>
        <pose>Unspecified</pose>
        <truncated>0</truncated>
        <occluded>0</occluded>
        <difficult>0</difficult>
        <bndbox>
            <xmin>22</xmin>
            <ymin>46</ymin>
            <xmax>46</xmax>
            <ymax>66</ymax>
        </bndbox>
    </object>
    <object>
        <name>Bell_pepper leaf</name>
        <pose>Unspecified</pose>
        <truncated>0</truncated>
        <occluded>0</occluded>
        <difficult>0</difficult>
        <bndbox>
            <xmin>47</xmin>
            <ymin>70</ymin>
            <xmax>62</xmax>
            <ymax>99</ymax>
        </bndbox>
    </object>
</annotation>