
<annotation>
    <folder>images</folder>
    <filename>plantdoc136.png</filename>
    <size>
        <width>100</width>
        <height>100</height>
        <depth>3</depth>
    </size>
    <segmented>0</segmented>
    <object>
        <name>Tomato leaf mosaic virus</name>
        <pose>Unspecified</pose>
        <truncated>0</truncated>
        <occluded>0</occluded>
        <difficult>0</difficult>
        <bndbox>
            <xmin>56</xmin>
            <ymin>18</ymin>
            <xmax>72</xmax>
            <ymax>27</ymax>
        </bndbox>
    </object>
    <object>
        <name>Tomato leaf mosaic virus</name>
        <pose>Unspecified</pose>
        <truncated>0</truncated>
        <occluded>0</occluded>
        <difficult>0</difficult>
        <bndbox>
            <xmin>19</xmin>
            <ymin>11</ymin>
            <xmax>36</xmax>
            <ymax>31</ymax>
        </bndbox>
    </object>
    <object>
        <name>Tomato leaf mosaic virus</name>
        <pose>Unspecified</pose>
        <truncated>0</truncated>
        <occluded>0</occluded>
        <difficult>0</difficult>
        <bndbox>
            <xmin>60</xmin>
            <ymin>1</ymin>
            <xmax>84</xmax>
            <ymax>17</ymax>
        </bndbox>
    </object>
    <object>
        <name>Tomato leaf mosaic virus</name>
        <pose>Unspecified</pose>
        <truncated>0</truncated>
        <occluded>0</occluded>
        <difficult>0</difficult>
        <bndbox>
            <xmin>81</xmin>
            <ymin>14</ymin>
            <xmax>98</xmax>
            <ymax>34</ymax>
        </bndbox>
    </object>
    <object>
        <name>Tomato leaf mosaic virus</name>
        <pose>Unspecified</pose>
        <truncated>0</truncated>
        <occluded>0</occluded>
        <difficult>0</difficult>
        <bndbox>
            <xmin>66</xmin>
            <ymin>28</ymin>
            <xmax>86</xmax>
            <ymax>49</ymax>
        </bndbox>
    </object>
    <object>
        <name>Tomato leaf mosaic virus</name>
        <pose>Unspecified</pose>
        <truncated>0</truncated>
        <occluded>0</occluded>
        <difficult>0</difficult>
        <bndbox>
            <xmin>60</xmin>
            <ymin>62</ymin>
            <xmax>81</xmax>
            <ymax>89</ymax>
        </bndbox>
    </object>
    <object>
        <name>Tomato leaf mosaic virus</name>
        <pose>Unspecified</pose>
        <truncated>0</truncated>
        <occluded>0</occluded>
        <difficult>0</difficult>
        <bndbox>
            <xmin>41</xmin>
            <ymin>51</ymin>
            <xmax>65</xmax>
            <ymax>75</ymax>
        </bndbox>
    </object>
</annotation>