
<annotation>
    <folder>images</folder>
    <filename>plantdoc1295.png</filename>
    <size>
        <width>100</width>
        <height>100</height>
        <depth>3</depth>
    </size>
    <segmented>0</segmented>
    <object>
        <name>Apple Scab Leaf</name>
        <pose>Unspecified</pose>
        <truncated>0</truncated>
        <occluded>0</occluded>
        <difficult>0</difficult>
        <bndbox>
            <xmin>36</xmin>
            <ymin>17</ymin>
            <xmax>72</xmax>
            <ymax>72</ymax>
        </bndbox>
    </object>
    <object>
        <name>Apple Scab Leaf</name>
        <pose>Unspecified</pose>
        <truncated>0</truncated>
        <occluded>0</occluded>
        <difficult>0</difficult>
        <bndbox>
            <xmin>0</xmin>
            <ymin>1</ymin>
            <xmax>43</xmax>
            <ymax>76</ymax>
        </bndbox>
    </object>
</annotation>