
<annotation>
    <folder>images</folder>
    <filename>plantdoc1227.png</filename>
    <size>
        <width>100</width>
        <height>100</height>
        <depth>3</depth>
    </size>
    <segmented>0</segmented>
    <object>
        <name>Apple rust leaf</name>
        <pose>Unspecified</pose>
        <truncated>0</truncated>
        <occluded>0</occluded>
        <difficult>0</difficult>
        <bndbox>
            <xmin>57</xmin>
            <ymin>49</ymin>
            <xmax>86</xmax>
            <ymax>73</ymax>
        </bndbox>
    </object>
    <object>
        <name>Apple rust leaf</name>
        <pose>Unspecified</pose>
        <truncated>0</truncated>
        <occluded>0</occluded>
        <difficult>0</difficult>
        <bndbox>
            <xmin>19</xmin>
            <ymin>67</ymin>
            <xmax>33</xmax>
            <ymax>99</ymax>
        </bndbox>
    </object>
    <object>
        <name>Apple rust leaf</name>
        <pose>Unspecified</pose>
        <truncated>0</truncated>
        <occluded>0</occluded>
        <difficult>0</difficult>
        <bndbox>
            <xmin>62</xmin>
            <ymin>29</ymin>
            <xmax>89</xmax>
            <ymax>55</ymax>
        </bndbox>
    </object>
    <object>
        <name>Apple rust leaf</name>
        <pose>Unspecified</pose>
        <truncated>0</truncated>
        <occluded>0</occluded>
        <difficult>0</difficult>
        <bndbox>
            <xmin>81</xmin>
            <ymin>2</ymin>
            <xmax>99</xmax>
            <ymax>36</ymax>
        </bndbox>
    </object>
</annotation>