
<annotation>
    <folder>images</folder>
    <filename>plantdoc1146.png</filename>
    <size>
        <width>100</width>
        <height>100</height>
        <depth>3</depth>
    </size>
    <segmented>0</segmented>
    <object>
        <name>Strawberry leaf</name>
        <pose>Unspecified</pose>
        <truncated>0</truncated>
        <occluded>0</occluded>
        <difficult>0</difficult>
        <bndbox>
            <xmin>17</xmin>
            <ymin>35</ymin>
            <xmax>55</xmax>
            <ymax>99</ymax>
        </bndbox>
    </object>
    <object>
        <name>Strawberry leaf</name>
        <pose>Unspecified</pose>
        <truncated>0</truncated>
        <occluded>0</occluded>
        <difficult>0</difficult>
        <bndbox>
            <xmin>53</xmin>
            <ymin>15</ymin>
            <xmax>96</xmax>
            <ymax>75</ymax>
        </bndbox>
    </object>
    <object>
        <name>Strawberry leaf</name>
        <pose>Unspecified</pose>
        <truncated>0</truncated>
        <occluded>0</occluded>
        <difficult>0</difficult>
        <bndbox>
            <xmin>4</xmin>
            <ymin>0</ymin>
            <xmax>52</xmax>
            <ymax>44</ymax>
        </bndbox>
    </object>
</annotation>