
<annotation>
    <folder>images</folder>
    <filename>plantdoc1174.png</filename>
    <size>
        <width>100</width>
        <height>100</height>
        <depth>3</depth>
    </size>
    <segmented>0</segmented>
    <object>
        <name>Apple rust leaf</name>
        <pose>Unspecified</pose>
        <truncated>0</truncated>
        <occluded>0</occluded>
        <difficult>0</difficult>
        <bndbox>
            <xmin>2</xmin>
            <ymin>24</ymin>
            <xmax>31</xmax>
            <ymax>80</ymax>
        </bndbox>
    </object>
    <object>
        <name>Apple rust leaf</name>
        <pose>Unspecified</pose>
        <truncated>0</truncated>
        <occluded>0</occluded>
        <difficult>0</difficult>
        <bndbox>
            <xmin>32</xmin>
            <ymin>36</ymin>
            <xmax>54</xmax>
            <ymax>90</ymax>
        </bndbox>
    </object>
    <object>
        <name>Apple rust leaf</name>
        <pose>Unspecified</pose>
        <truncated>0</truncated>
        <occluded>0</occluded>
        <difficult>0</difficult>
        <bndbox>
            <xmin>54</xmin>
            <ymin>6</ymin>
            <xmax>98</xmax>
            <ymax>83</ymax>
        </bndbox>
    </object>
</annotation>