
<annotation>
    <folder>images</folder>
    <filename>plantdoc128.png</filename>
    <size>
        <width>100</width>
        <height>100</height>
        <depth>3</depth>
    </size>
    <segmented>0</segmented>
    <object>
        <name>Tomato Septoria leaf spot</name>
        <pose>Unspecified</pose>
        <truncated>0</truncated>
        <occluded>0</occluded>
        <difficult>0</difficult>
        <bndbox>
            <xmin>16</xmin>
            <ymin>22</ymin>
            <xmax>37</xmax>
            <ymax>40</ymax>
        </bndbox>
    </object>
    <object>
        <name>Tomato Septoria leaf spot</name>
        <pose>Unspecified</pose>
        <truncated>0</truncated>
        <occluded>0</occluded>
        <difficult>0</difficult>
        <bndbox>
            <xmin>24</xmin>
            <ymin>27</ymin>
            <xmax>41</xmax>
            <ymax>51</ymax>
        </bndbox>
    </object>
    <object>
        <name>Tomato Septoria leaf spot</name>
        <pose>Unspecified</pose>
        <truncated>0</truncated>
        <occluded>0</occluded>
        <difficult>0</difficult>
        <bndbox>
            <xmin>30</xmin>
            <ymin>36</ymin>
            <xmax>47</xmax>
            <ymax>62</ymax>
        </bndbox>
    </object>
</annotation>