
<annotation>
    <folder>images</folder>
    <filename>plantdoc1155.png</filename>
    <size>
        <width>100</width>
        <height>100</height>
        <depth>3</depth>
    </size>
    <segmented>0</segmented>
    <object>
        <name>Raspberry leaf</name>
        <pose>Unspecified</pose>
        <truncated>0</truncated>
        <occluded>0</occluded>
        <difficult>0</difficult>
        <bndbox>
            <xmin>37</xmin>
            <ymin>42</ymin>
            <xmax>71</xmax>
            <ymax>77</ymax>
        </bndbox>
    </object>
    <object>
        <name>Raspberry leaf</name>
        <pose>Unspecified</pose>
        <truncated>0</truncated>
        <occluded>0</occluded>
        <difficult>0</difficult>
        <bndbox>
            <xmin>25</xmin>
            <ymin>12</ymin>
            <xmax>39</xmax>
            <ymax>48</ymax>
        </bndbox>
    </object>
    <object>
        <name>Raspberry leaf</name>
        <pose>Unspecified</pose>
        <truncated>0</truncated>
        <occluded>0</occluded>
        <difficult>0</difficult>
        <bndbox>
            <xmin>7</xmin>
            <ymin>17</ymin>
            <xmax>22</xmax>
            <ymax>44</ymax>
        </bndbox>
    </object>
</annotation>