
<annotation>
    <folder>images</folder>
    <filename>plantdoc1044.png</filename>
    <size>
        <width>100</width>
        <height>100</height>
        <depth>3</depth>
    </size>
    <segmented>0</segmented>
    <object>
        <name>Tomato mold leaf</name>
        <pose>Unspecified</pose>
        <truncated>0</truncated>
        <occluded>0</occluded>
        <difficult>0</difficult>
        <bndbox>
            <xmin>85</xmin>
            <ymin>43</ymin>
            <xmax>98</xmax>
            <ymax>53</ymax>
        </bndbox>
    </object>
    <object>
        <name>Tomato mold leaf</name>
        <pose>Unspecified</pose>
        <truncated>0</truncated>
        <occluded>0</occluded>
        <difficult>0</difficult>
        <bndbox>
            <xmin>66</xmin>
            <ymin>18</ymin>
            <xmax>84</xmax>
            <ymax>32</ymax>
        </bndbox>
    </object>
    <object>
        <name>Tomato mold leaf</name>
        <pose>Unspecified</pose>
        <truncated>0</truncated>
        <occluded>0</occluded>
        <difficult>0</difficult>
        <bndbox>
            <xmin>78</xmin>
            <ymin>48</ymin>
            <xmax>86</xmax>
            <ymax>75</ymax>
        </bndbox>
    </object>
    <object>
        <name>Tomato mold leaf</name>
        <pose>Unspecified</pose>
        <truncated>0</truncated>
        <occluded>0</occluded>
        <difficult>0</difficult>
        <bndbox>
            <xmin>2</xmin>
            <ymin>77</ymin>
            <xmax>24</xmax>
            <ymax>99</ymax>
        </bndbox>
    </object>
    <object>
        <name>Tomato mold leaf</name>
        <pose>Unspecified</pose>
        <truncated>0</truncated>
        <occluded>0</occluded>
        <difficult>0</difficult>
        <bndbox>
            <xmin>4</xmin>
            <ymin>22</ymin>
            <xmax>29</xmax>
            <ymax>35</ymax>
        </bndbox>
    </object>
    <object>
        <name>Tomato mold leaf</name>
        <pose>Unspecified</pose>
        <truncated>0</truncated>
        <occluded>0</occluded>
        <difficult>0</difficult>
        <bndbox>
            <xmin>4</xmin>
            <ymin>33</ymin>
            <xmax>19</xmax>
            <ymax>54</ymax>
        </bndbox>
    </object>
    <object>
        <name>Tomato mold leaf</name>
        <pose>Unspecified</pose>
        <truncated>0</truncated>
        <occluded>0</occluded>
        <difficult>0</difficult>
        <bndbox>
            <xmin>13</xmin>
            <ymin>53</ymin>
            <xmax>26</xmax>
            <ymax>79</ymax>
        </bndbox>
    </object>
    <object>
        <name>Tomato mold leaf</name>
        <pose>Unspecified</pose>
        <truncated>0</truncated>
        <occluded>0</occluded>
        <difficult>0</difficult>
        <bndbox>
            <xmin>37</xmin>
            <ymin>26</ymin>
            <xmax>46</xmax>
            <ymax>40</ymax>
        </bndbox>
    </object>
    <object>
        <name>Tomato mold leaf</name>
        <pose>Unspecified</pose>
        <truncated>0</truncated>
        <occluded>0</occluded>
        <difficult>0</difficult>
        <bndbox>
            <xmin>56</xmin>
            <ymin>36</ymin>
            <xmax>84</xmax>
            <ymax>59</ymax>
        </bndbox>
    </object>
    <object>
        <name>Tomato mold leaf</name>
        <pose>Unspecified</pose>
        <truncated>0</truncated>
        <occluded>0</occluded>
        <difficult>0</difficult>
        <bndbox>
            <xmin>40</xmin>
            <ymin>47</ymin>
            <xmax>60</xmax>
            <ymax>82</ymax>
        </bndbox>
    </object>
</annotation>