
<annotation>
    <folder>images</folder>
    <filename>plantdoc1067.png</filename>
    <size>
        <width>100</width>
        <height>100</height>
        <depth>3</depth>
    </size>
    <segmented>0</segmented>
    <object>
        <name>grape leaf</name>
        <pose>Unspecified</pose>
        <truncated>0</truncated>
        <occluded>0</occluded>
        <difficult>0</difficult>
        <bndbox>
            <xmin>12</xmin>
            <ymin>9</ymin>
            <xmax>78</xmax>
            <ymax>99</ymax>
        </bndbox>
    </object>
</annotation>