
<annotation>
    <folder>images</folder>
    <filename>plantdoc14.png</filename>
    <size>
        <width>100</width>
        <height>100</height>
        <depth>3</depth>
    </size>
    <segmented>0</segmented>
    <object>
        <name>Apple leaf</name>
        <pose>Unspecified</pose>
        <truncated>0</truncated>
        <occluded>0</occluded>
        <difficult>0</difficult>
        <bndbox>
            <xmin>12</xmin>
            <ymin>5</ymin>
            <xmax>40</xmax>
            <ymax>43</ymax>
        </bndbox>
    </object>
    <object>
        <name>Apple leaf</name>
        <pose>Unspecified</pose>
        <truncated>0</truncated>
        <occluded>0</occluded>
        <difficult>0</difficult>
        <bndbox>
            <xmin>41</xmin>
            <ymin>4</ymin>
            <xmax>93</xmax>
            <ymax>46</ymax>
        </bndbox>
    </object>
    <object>
        <name>Apple leaf</name>
        <pose>Unspecified</pose>
        <truncated>0</truncated>
        <occluded>0</occluded>
        <difficult>0</difficult>
        <bndbox>
            <xmin>48</xmin>
            <ymin>49</ymin>
            <xmax>97</xmax>
            <ymax>91</ymax>
        </bndbox>
    </object>
    <object>
        <name>Apple leaf</name>
        <pose>Unspecified</pose>
        <truncated>0</truncated>
        <occluded>0</occluded>
        <difficult>0</difficult>
        <bndbox>
            <xmin>6</xmin>
            <ymin>52</ymin>
            <xmax>53</xmax>
            <ymax>92</ymax>
        </bndbox>
    </object>
</annotation>