
<annotation>
    <folder>images</folder>
    <filename>plantdoc1234.png</filename>
    <size>
        <width>100</width>
        <height>100</height>
        <depth>3</depth>
    </size>
    <segmented>0</segmented>
    <object>
        <name>Tomato Early blight leaf</name>
        <pose>Unspecified</pose>
        <truncated>0</truncated>
        <occluded>0</occluded>
        <difficult>0</difficult>
        <bndbox>
            <xmin>11</xmin>
            <ymin>11</ymin>
            <xmax>39</xmax>
            <ymax>36</ymax>
        </bndbox>
    </object>
    <object>
        <name>Tomato Early blight leaf</name>
        <pose>Unspecified</pose>
        <truncated>0</truncated>
        <occluded>0</occluded>
        <difficult>0</difficult>
        <bndbox>
            <xmin>62</xmin>
            <ymin>1</ymin>
            <xmax>75</xmax>
            <ymax>26</ymax>
        </bndbox>
    </object>
    <object>
        <name>Tomato Early blight leaf</name>
        <pose>Unspecified</pose>
        <truncated>0</truncated>
        <occluded>0</occluded>
        <difficult>0</difficult>
        <bndbox>
            <xmin>76</xmin>
            <ymin>4</ymin>
            <xmax>96</xmax>
            <ymax>68</ymax>
        </bndbox>
    </object>
    <object>
        <name>Tomato leaf</name>
        <pose>Unspecified</pose>
        <truncated>0</truncated>
        <occluded>0</occluded>
        <difficult>0</difficult>
        <bndbox>
            <xmin>38</xmin>
            <ymin>31</ymin>
            <xmax>54</xmax>
            <ymax>55</ymax>
        </bndbox>
    </object>
</annotation>