
<annotation>
    <folder>images</folder>
    <filename>plantdoc1207.png</filename>
    <size>
        <width>100</width>
        <height>100</height>
        <depth>3</depth>
    </size>
    <segmented>0</segmented>
    <object>
        <name>Potato leaf early blight</name>
        <pose>Unspecified</pose>
        <truncated>0</truncated>
        <occluded>0</occluded>
        <difficult>0</difficult>
        <bndbox>
            <xmin>58</xmin>
            <ymin>36</ymin>
            <xmax>96</xmax>
            <ymax>70</ymax>
        </bndbox>
    </object>
    <object>
        <name>Potato leaf early blight</name>
        <pose>Unspecified</pose>
        <truncated>0</truncated>
        <occluded>0</occluded>
        <difficult>0</difficult>
        <bndbox>
            <xmin>41</xmin>
            <ymin>54</ymin>
            <xmax>73</xmax>
            <ymax>94</ymax>
        </bndbox>
    </object>
    <object>
        <name>Potato leaf early blight</name>
        <pose>Unspecified</pose>
        <truncated>0</truncated>
        <occluded>0</occluded>
        <difficult>0</difficult>
        <bndbox>
            <xmin>22</xmin>
            <ymin>61</ymin>
            <xmax>52</xmax>
            <ymax>99</ymax>
        </bndbox>
    </object>
    <object>
        <name>Potato leaf early blight</name>
        <pose>Unspecified</pose>
        <truncated>0</truncated>
        <occluded>0</occluded>
        <difficult>0</difficult>
        <bndbox>
            <xmin>39</xmin>
            <ymin>7</ymin>
            <xmax>75</xmax>
            <ymax>46</ymax>
        </bndbox>
    </object>
    <object>
        <name>Potato leaf early blight</name>
        <pose>Unspecified</pose>
        <truncated>0</truncated>
        <occluded>0</occluded>
        <difficult>0</difficult>
        <bndbox>
            <xmin>17</xmin>
            <ymin>0</ymin>
            <xmax>41</xmax>
            <ymax>53</ymax>
        </bndbox>
    </object>
    <object>
        <name>Potato leaf early blight</name>
        <pose>Unspecified</pose>
        <truncated>0</truncated>
        <occluded>0</occluded>
        <difficult>0</difficult>
        <bndbox>
            <xmin>6</xmin>
            <ymin>62</ymin>
            <xmax>22</xmax>
            <ymax>96</ymax>
        </bndbox>
    </object>
    <object>
        <name>Potato leaf early blight</name>
        <pose>Unspecified</pose>
        <truncated>0</truncated>
        <occluded>0</occluded>
        <difficult>0</difficult>
        <bndbox>
            <xmin>0</xmin>
            <ymin>7</ymin>
            <xmax>18</xmax>
            <ymax>29</ymax>
        </bndbox>
    </object>
</annotation>