
<annotation>
    <folder>images</folder>
    <filename>plantdoc1183.png</filename>
    <size>
        <width>100</width>
        <height>100</height>
        <depth>3</depth>
    </size>
    <segmented>0</segmented>
    <object>
        <name>Corn leaf blight</name>
        <pose>Unspecified</pose>
        <truncated>0</truncated>
        <occluded>0</occluded>
        <difficult>0</difficult>
        <bndbox>
            <xmin>1</xmin>
            <ymin>31</ymin>
            <xmax>100</xmax>
            <ymax>72</ymax>
        </bndbox>
    </object>
</annotation>