
<annotation>
    <folder>images</folder>
    <filename>plantdoc1210.png</filename>
    <size>
        <width>100</width>
        <height>100</height>
        <depth>3</depth>
    </size>
    <segmented>0</segmented>
    <object>
        <name>Corn leaf blight</name>
        <pose>Unspecified</pose>
        <truncated>0</truncated>
        <occluded>0</occluded>
        <difficult>0</difficult>
        <bndbox>
            <xmin>3</xmin>
            <ymin>27</ymin>
            <xmax>52</xmax>
            <ymax>58</ymax>
        </bndbox>
    </object>
    <object>
        <name>Corn leaf blight</name>
        <pose>Unspecified</pose>
        <truncated>0</truncated>
        <occluded>0</occluded>
        <difficult>0</difficult>
        <bndbox>
            <xmin>8</xmin>
            <ymin>58</ymin>
            <xmax>53</xmax>
            <ymax>82</ymax>
        </bndbox>
    </object>
    <object>
        <name>Corn leaf blight</name>
        <pose>Unspecified</pose>
        <truncated>0</truncated>
        <occluded>0</occluded>
        <difficult>0</difficult>
        <bndbox>
            <xmin>44</xmin>
            <ymin>21</ymin>
            <xmax>91</xmax>
            <ymax>39</ymax>
        </bndbox>
    </object>
    <object>
        <name>Corn leaf blight</name>
        <pose>Unspecified</pose>
        <truncated>0</truncated>
        <occluded>0</occluded>
        <difficult>0</difficult>
        <bndbox>
            <xmin>60</xmin>
            <ymin>37</ymin>
            <xmax>91</xmax>
            <ymax>89</ymax>
        </bndbox>
    </object>
    <object>
        <name>Corn leaf blight</name>
        <pose>Unspecified</pose>
        <truncated>0</truncated>
        <occluded>0</occluded>
        <difficult>0</difficult>
        <bndbox>
            <xmin>59</xmin>
            <ymin>68</ymin>
            <xmax>72</xmax>
            <ymax>99</ymax>
        </bndbox>
    </object>
    <object>
        <name>Corn leaf blight</name>
        <pose>Unspecified</pose>
        <truncated>0</truncated>
        <occluded>0</occluded>
        <difficult>0</difficult>
        <bndbox>
            <xmin>38</xmin>
            <ymin>42</ymin>
            <xmax>69</xmax>
            <ymax>58</ymax>
        </bndbox>
    </object>
    <object>
        <name>Corn leaf blight</name>
        <pose>Unspecified</pose>
        <truncated>0</truncated>
        <occluded>0</occluded>
        <difficult>0</difficult>
        <bndbox>
            <xmin>0</xmin>
            <ymin>29</ymin>
            <xmax>36</xmax>
            <ymax>54</ymax>
        </bndbox>
    </object>
</annotation>