
<annotation>
    <folder>images</folder>
    <filename>plantdoc137.png</filename>
    <size>
        <width>100</width>
        <height>100</height>
        <depth>3</depth>
    </size>
    <segmented>0</segmented>
    <object>
        <name>Potato leaf early blight</name>
        <pose>Unspecified</pose>
        <truncated>0</truncated>
        <occluded>0</occluded>
        <difficult>0</difficult>
        <bndbox>
            <xmin>41</xmin>
            <ymin>44</ymin>
            <xmax>69</xmax>
            <ymax>87</ymax>
        </bndbox>
    </object>
    <object>
        <name>Potato leaf early blight</name>
        <pose>Unspecified</pose>
        <truncated>0</truncated>
        <occluded>0</occluded>
        <difficult>0</difficult>
        <bndbox>
            <xmin>43</xmin>
            <ymin>1</ymin>
            <xmax>60</xmax>
            <ymax>26</ymax>
        </bndbox>
    </object>
    <object>
        <name>Potato leaf early blight</name>
        <pose>Unspecified</pose>
        <truncated>0</truncated>
        <occluded>0</occluded>
        <difficult>0</difficult>
        <bndbox>
            <xmin>0</xmin>
            <ymin>53</ymin>
            <xmax>19</xmax>
            <ymax>72</ymax>
        </bndbox>
    </object>
    <object>
        <name>Potato leaf early blight</name>
        <pose>Unspecified</pose>
        <truncated>0</truncated>
        <occluded>0</occluded>
        <difficult>0</difficult>
        <bndbox>
            <xmin>29</xmin>
            <ymin>40</ymin>
            <xmax>52</xmax>
            <ymax>56</ymax>
        </bndbox>
    </object>
    <object>
        <name>Potato leaf early blight</name>
        <pose>Unspecified</pose>
        <truncated>0</truncated>
        <occluded>0</occluded>
        <difficult>0</difficult>
        <bndbox>
            <xmin>63</xmin>
            <ymin>41</ymin>
            <xmax>77</xmax>
            <ymax>52</ymax>
        </bndbox>
    </object>
    <object>
        <name>Potato leaf early blight</name>
        <pose>Unspecified</pose>
        <truncated>0</truncated>
        <occluded>0</occluded>
        <difficult>0</difficult>
        <bndbox>
            <xmin>69</xmin>
            <ymin>30</ymin>
            <xmax>85</xmax>
            <ymax>45</ymax>
        </bndbox>
    </object>
</annotation>