
<annotation>
    <folder>images</folder>
    <filename>plantdoc1204.png</filename>
    <size>
        <width>100</width>
        <height>100</height>
        <depth>3</depth>
    </size>
    <segmented>0</segmented>
    <object>
        <name>Tomato leaf bacterial spot</name>
        <pose>Unspecified</pose>
        <truncated>0</truncated>
        <occluded>0</occluded>
        <difficult>0</difficult>
        <bndbox>
            <xmin>52</xmin>
            <ymin>17</ymin>
            <xmax>85</xmax>
            <ymax>75</ymax>
        </bndbox>
    </object>
    <object>
        <name>Tomato leaf bacterial spot</name>
        <pose>Unspecified</pose>
        <truncated>0</truncated>
        <occluded>0</occluded>
        <difficult>0</difficult>
        <bndbox>
            <xmin>30</xmin>
            <ymin>34</ymin>
            <xmax>74</xmax>
            <ymax>96</ymax>
        </bndbox>
    </object>
    <object>
        <name>Tomato leaf bacterial spot</name>
        <pose>Unspecified</pose>
        <truncated>0</truncated>
        <occluded>0</occluded>
        <difficult>0</difficult>
        <bndbox>
            <xmin>2</xmin>
            <ymin>3</ymin>
            <xmax>46</xmax>
            <ymax>63</ymax>
        </bndbox>
    </object>
</annotation>