
<annotation>
    <folder>images</folder>
    <filename>plantdoc1223.png</filename>
    <size>
        <width>100</width>
        <height>100</height>
        <depth>3</depth>
    </size>
    <segmented>0</segmented>
    <object>
        <name>Blueberry leaf</name>
        <pose>Unspecified</pose>
        <truncated>0</truncated>
        <occluded>0</occluded>
        <difficult>0</difficult>
        <bndbox>
            <xmin>60</xmin>
            <ymin>27</ymin>
            <xmax>71</xmax>
            <ymax>48</ymax>
        </bndbox>
    </object>
    <object>
        <name>Blueberry leaf</name>
        <pose>Unspecified</pose>
        <truncated>0</truncated>
        <occluded>0</occluded>
        <difficult>0</difficult>
        <bndbox>
            <xmin>27</xmin>
            <ymin>43</ymin>
            <xmax>39</xmax>
            <ymax>53</ymax>
        </bndbox>
    </object>
    <object>
        <name>Blueberry leaf</name>
        <pose>Unspecified</pose>
        <truncated>0</truncated>
        <occluded>0</occluded>
        <difficult>0</difficult>
        <bndbox>
            <xmin>39</xmin>
            <ymin>45</ymin>
            <xmax>49</xmax>
            <ymax>65</ymax>
        </bndbox>
    </object>
    <object>
        <name>Blueberry leaf</name>
        <pose>Unspecified</pose>
        <truncated>0</truncated>
        <occluded>0</occluded>
        <difficult>0</difficult>
        <bndbox>
            <xmin>35</xmin>
            <ymin>76</ymin>
            <xmax>44</xmax>
            <ymax>87</ymax>
        </bndbox>
    </object>
    <object>
        <name>Blueberry leaf</name>
        <pose>Unspecified</pose>
        <truncated>0</truncated>
        <occluded>0</occluded>
        <difficult>0</difficult>
        <bndbox>
            <xmin>32</xmin>
            <ymin>88</ymin>
            <xmax>40</xmax>
            <ymax>99</ymax>
        </bndbox>
    </object>
    <object>
        <name>Blueberry leaf</name>
        <pose>Unspecified</pose>
        <truncated>0</truncated>
        <occluded>0</occluded>
        <difficult>0</difficult>
        <bndbox>
            <xmin>49</xmin>
            <ymin>89</ymin>
            <xmax>63</xmax>
            <ymax>100</ymax>
        </bndbox>
    </object>
    <object>
        <name>Blueberry leaf</name>
        <pose>Unspecified</pose>
        <truncated>0</truncated>
        <occluded>0</occluded>
        <difficult>0</difficult>
        <bndbox>
            <xmin>52</xmin>
            <ymin>60</ymin>
            <xmax>62</xmax>
            <ymax>70</ymax>
        </bndbox>
    </object>
    <object>
        <name>Blueberry leaf</name>
        <pose>Unspecified</pose>
        <truncated>0</truncated>
        <occluded>0</occluded>
        <difficult>0</difficult>
        <bndbox>
            <xmin>55</xmin>
            <ymin>71</ymin>
            <xmax>62</xmax>
            <ymax>83</ymax>
        </bndbox>
    </object>
    <object>
        <name>Blueberry leaf</name>
        <pose>Unspecified</pose>
        <truncated>0</truncated>
        <occluded>0</occluded>
        <difficult>0</difficult>
        <bndbox>
            <xmin>84</xmin>
            <ymin>23</ymin>
            <xmax>92</xmax>
            <ymax>43</ymax>
        </bndbox>
    </object>
    <object>
        <name>Blueberry leaf</name>
        <pose>Unspecified</pose>
        <truncated>0</truncated>
        <occluded>0</occluded>
        <difficult>0</difficult>
        <bndbox>
            <xmin>81</xmin>
            <ymin>40</ymin>
            <xmax>93</xmax>
            <ymax>52</ymax>
        </bndbox>
    </object>
</annotation>