
<annotation>
    <folder>images</folder>
    <filename>plantdoc1324.png</filename>
    <size>
        <width>100</width>
        <height>100</height>
        <depth>3</depth>
    </size>
    <segmented>0</segmented>
    <object>
        <name>Peach leaf</name>
        <pose>Unspecified</pose>
        <truncated>0</truncated>
        <occluded>0</occluded>
        <difficult>0</difficult>
        <bndbox>
            <xmin>52</xmin>
            <ymin>37</ymin>
            <xmax>78</xmax>
            <ymax>99</ymax>
        </bndbox>
    </object>
    <object>
        <name>Peach leaf</name>
        <pose>Unspecified</pose>
        <truncated>0</truncated>
        <occluded>0</occluded>
        <difficult>0</difficult>
        <bndbox>
            <xmin>89</xmin>
            <ymin>18</ymin>
            <xmax>99</xmax>
            <ymax>55</ymax>
        </bndbox>
    </object>
    <object>
        <name>Peach leaf</name>
        <pose>Unspecified</pose>
        <truncated>0</truncated>
        <occluded>0</occluded>
        <difficult>0</difficult>
        <bndbox>
            <xmin>21</xmin>
            <ymin>24</ymin>
            <xmax>29</xmax>
            <ymax>51</ymax>
        </bndbox>
    </object>
    <object>
        <name>Peach leaf</name>
        <pose>Unspecified</pose>
        <truncated>0</truncated>
        <occluded>0</occluded>
        <difficult>0</difficult>
        <bndbox>
            <xmin>89</xmin>
            <ymin>9</ymin>
            <xmax>100</xmax>
            <ymax>26</ymax>
        </bndbox>
    </object>
    <object>
        <name>Peach leaf</name>
        <pose>Unspecified</pose>
        <truncated>0</truncated>
        <occluded>0</occluded>
        <difficult>0</difficult>
        <bndbox>
            <xmin>61</xmin>
            <ymin>86</ymin>
            <xmax>87</xmax>
            <ymax>99</ymax>
        </bndbox>
    </object>
</annotation>