
<annotation>
    <folder>images</folder>
    <filename>plantdoc1261.png</filename>
    <size>
        <width>100</width>
        <height>100</height>
        <depth>3</depth>
    </size>
    <segmented>0</segmented>
    <object>
        <name>Tomato leaf mosaic virus</name>
        <pose>Unspecified</pose>
        <truncated>0</truncated>
        <occluded>0</occluded>
        <difficult>0</difficult>
        <bndbox>
            <xmin>73</xmin>
            <ymin>38</ymin>
            <xmax>96</xmax>
            <ymax>67</ymax>
        </bndbox>
    </object>
    <object>
        <name>Tomato leaf mosaic virus</name>
        <pose>Unspecified</pose>
        <truncated>0</truncated>
        <occluded>0</occluded>
        <difficult>0</difficult>
        <bndbox>
            <xmin>62</xmin>
            <ymin>45</ymin>
            <xmax>77</xmax>
            <ymax>78</ymax>
        </bndbox>
    </object>
    <object>
        <name>Tomato leaf mosaic virus</name>
        <pose>Unspecified</pose>
        <truncated>0</truncated>
        <occluded>0</occluded>
        <difficult>0</difficult>
        <bndbox>
            <xmin>36</xmin>
            <ymin>43</ymin>
            <xmax>59</xmax>
            <ymax>78</ymax>
        </bndbox>
    </object>
    <object>
        <name>Tomato leaf mosaic virus</name>
        <pose>Unspecified</pose>
        <truncated>0</truncated>
        <occluded>0</occluded>
        <difficult>0</difficult>
        <bndbox>
            <xmin>4</xmin>
            <ymin>29</ymin>
            <xmax>45</xmax>
            <ymax>60</ymax>
        </bndbox>
    </object>
    <object>
        <name>Tomato leaf mosaic virus</name>
        <pose>Unspecified</pose>
        <truncated>0</truncated>
        <occluded>0</occluded>
        <difficult>0</difficult>
        <bndbox>
            <xmin>35</xmin>
            <ymin>10</ymin>
            <xmax>59</xmax>
            <ymax>41</ymax>
        </bndbox>
    </object>
</annotation>