
<annotation>
    <folder>images</folder>
    <filename>plantdoc1075.png</filename>
    <size>
        <width>100</width>
        <height>100</height>
        <depth>3</depth>
    </size>
    <segmented>0</segmented>
    <object>
        <name>grape leaf</name>
        <pose>Unspecified</pose>
        <truncated>0</truncated>
        <occluded>0</occluded>
        <difficult>0</difficult>
        <bndbox>
            <xmin>30</xmin>
            <ymin>50</ymin>
            <xmax>58</xmax>
            <ymax>86</ymax>
        </bndbox>
    </object>
    <object>
        <name>grape leaf</name>
        <pose>Unspecified</pose>
        <truncated>0</truncated>
        <occluded>0</occluded>
        <difficult>0</difficult>
        <bndbox>
            <xmin>58</xmin>
            <ymin>39</ymin>
            <xmax>79</xmax>
            <ymax>68</ymax>
        </bndbox>
    </object>
    <object>
        <name>grape leaf</name>
        <pose>Unspecified</pose>
        <truncated>0</truncated>
        <occluded>0</occluded>
        <difficult>0</difficult>
        <bndbox>
            <xmin>67</xmin>
            <ymin>23</ymin>
            <xmax>82</xmax>
            <ymax>42</ymax>
        </bndbox>
    </object>
    <object>
        <name>grape leaf</name>
        <pose>Unspecified</pose>
        <truncated>0</truncated>
        <occluded>0</occluded>
        <difficult>0</difficult>
        <bndbox>
            <xmin>42</xmin>
            <ymin>12</ymin>
            <xmax>66</xmax>
            <ymax>48</ymax>
        </bndbox>
    </object>
    <object>
        <name>grape leaf</name>
        <pose>Unspecified</pose>
        <truncated>0</truncated>
        <occluded>0</occluded>
        <difficult>0</difficult>
        <bndbox>
            <xmin>20</xmin>
            <ymin>21</ymin>
            <xmax>41</xmax>
            <ymax>51</ymax>
        </bndbox>
    </object>
</annotation>