
<annotation>
    <folder>images</folder>
    <filename>plantdoc1233.png</filename>
    <size>
        <width>100</width>
        <height>100</height>
        <depth>3</depth>
    </size>
    <segmented>0</segmented>
    <object>
        <name>Squash Powdery mildew leaf</name>
        <pose>Unspecified</pose>
        <truncated>0</truncated>
        <occluded>0</occluded>
        <difficult>0</difficult>
        <bndbox>
            <xmin>27</xmin>
            <ymin>36</ymin>
            <xmax>46</xmax>
            <ymax>62</ymax>
        </bndbox>
    </object>
    <object>
        <name>Squash Powdery mildew leaf</name>
        <pose>Unspecified</pose>
        <truncated>0</truncated>
        <occluded>0</occluded>
        <difficult>0</difficult>
        <bndbox>
            <xmin>53</xmin>
            <ymin>38</ymin>
            <xmax>67</xmax>
            <ymax>60</ymax>
        </bndbox>
    </object>
    <object>
        <name>Squash Powdery mildew leaf</name>
        <pose>Unspecified</pose>
        <truncated>0</truncated>
        <occluded>0</occluded>
        <difficult>0</difficult>
        <bndbox>
            <xmin>39</xmin>
            <ymin>28</ymin>
            <xmax>56</xmax>
            <ymax>44</ymax>
        </bndbox>
    </object>
    <object>
        <name>Squash Powdery mildew leaf</name>
        <pose>Unspecified</pose>
        <truncated>0</truncated>
        <occluded>0</occluded>
        <difficult>0</difficult>
        <bndbox>
            <xmin>71</xmin>
            <ymin>32</ymin>
            <xmax>84</xmax>
            <ymax>45</ymax>
        </bndbox>
    </object>
    <object>
        <name>Squash Powdery mildew leaf</name>
        <pose>Unspecified</pose>
        <truncated>0</truncated>
        <occluded>0</occluded>
        <difficult>0</difficult>
        <bndbox>
            <xmin>66</xmin>
            <ymin>24</ymin>
            <xmax>76</xmax>
            <ymax>40</ymax>
        </bndbox>
    </object>
    <object>
        <name>Squash Powdery mildew leaf</name>
        <pose>Unspecified</pose>
        <truncated>0</truncated>
        <occluded>0</occluded>
        <difficult>0</difficult>
        <bndbox>
            <xmin>20</xmin>
            <ymin>60</ymin>
            <xmax>59</xmax>
            <ymax>97</ymax>
        </bndbox>
    </object>
</annotation>