
<annotation>
    <folder>images</folder>
    <filename>plantdoc1364.png</filename>
    <size>
        <width>100</width>
        <height>100</height>
        <depth>3</depth>
    </size>
    <segmented>0</segmented>
    <object>
        <name>Tomato Early blight leaf</name>
        <pose>Unspecified</pose>
        <truncated>0</truncated>
        <occluded>0</occluded>
        <difficult>0</difficult>
        <bndbox>
            <xmin>60</xmin>
            <ymin>29</ymin>
            <xmax>73</xmax>
            <ymax>68</ymax>
        </bndbox>
    </object>
    <object>
        <name>Tomato Early blight leaf</name>
        <pose>Unspecified</pose>
        <truncated>0</truncated>
        <occluded>0</occluded>
        <difficult>0</difficult>
        <bndbox>
            <xmin>12</xmin>
            <ymin>57</ymin>
            <xmax>25</xmax>
            <ymax>94</ymax>
        </bndbox>
    </object>
    <object>
        <name>Tomato Early blight leaf</name>
        <pose>Unspecified</pose>
        <truncated>0</truncated>
        <occluded>0</occluded>
        <difficult>0</difficult>
        <bndbox>
            <xmin>25</xmin>
            <ymin>53</ymin>
            <xmax>36</xmax>
            <ymax>85</ymax>
        </bndbox>
    </object>
    <object>
        <name>Tomato Early blight leaf</name>
        <pose>Unspecified</pose>
        <truncated>0</truncated>
        <occluded>0</occluded>
        <difficult>0</difficult>
        <bndbox>
            <xmin>5</xmin>
            <ymin>9</ymin>
            <xmax>34</xmax>
            <ymax>30</ymax>
        </bndbox>
    </object>
    <object>
        <name>Tomato Early blight leaf</name>
        <pose>Unspecified</pose>
        <truncated>0</truncated>
        <occluded>0</occluded>
        <difficult>0</difficult>
        <bndbox>
            <xmin>89</xmin>
            <ymin>38</ymin>
            <xmax>99</xmax>
            <ymax>64</ymax>
        </bndbox>
    </object>
</annotation>