
<annotation>
    <folder>images</folder>
    <filename>plantdoc1160.png</filename>
    <size>
        <width>100</width>
        <height>100</height>
        <depth>3</depth>
    </size>
    <segmented>0</segmented>
    <object>
        <name>Bell_pepper leaf</name>
        <pose>Unspecified</pose>
        <truncated>0</truncated>
        <occluded>0</occluded>
        <difficult>0</difficult>
        <bndbox>
            <xmin>6</xmin>
            <ymin>33</ymin>
            <xmax>27</xmax>
            <ymax>64</ymax>
        </bndbox>
    </object>
    <object>
        <name>Bell_pepper leaf</name>
        <pose>Unspecified</pose>
        <truncated>0</truncated>
        <occluded>0</occluded>
        <difficult>0</difficult>
        <bndbox>
            <xmin>68</xmin>
            <ymin>37</ymin>
            <xmax>90</xmax>
            <ymax>65</ymax>
        </bndbox>
    </object>
    <object>
        <name>Bell_pepper leaf</name>
        <pose>Unspecified</pose>
        <truncated>0</truncated>
        <occluded>0</occluded>
        <difficult>0</difficult>
        <bndbox>
            <xmin>47</xmin>
            <ymin>21</ymin>
            <xmax>68</xmax>
            <ymax>28</ymax>
        </bndbox>
    </object>
    <object>
        <name>Bell_pepper leaf</name>
        <pose>Unspecified</pose>
        <truncated>0</truncated>
        <occluded>0</occluded>
        <difficult>0</difficult>
        <bndbox>
            <xmin>33</xmin>
            <ymin>9</ymin>
            <xmax>43</xmax>
            <ymax>21</ymax>
        </bndbox>
    </object>
    <object>
        <name>Bell_pepper leaf</name>
        <pose>Unspecified</pose>
        <truncated>0</truncated>
        <occluded>0</occluded>
        <difficult>0</difficult>
        <bndbox>
            <xmin>47</xmin>
            <ymin>9</ymin>
            <xmax>72</xmax>
            <ymax>20</ymax>
        </bndbox>
    </object>
    <object>
        <name>Bell_pepper leaf</name>
        <pose>Unspecified</pose>
        <truncated>0</truncated>
        <occluded>0</occluded>
        <difficult>0</difficult>
        <bndbox>
            <xmin>68</xmin>
            <ymin>21</ymin>
            <xmax>90</xmax>
            <ymax>27</ymax>
        </bndbox>
    </object>
    <object>
        <name>Bell_pepper leaf</name>
        <pose>Unspecified</pose>
        <truncated>0</truncated>
        <occluded>0</occluded>
        <difficult>0</difficult>
        <bndbox>
            <xmin>5</xmin>
            <ymin>16</ymin>
            <xmax>32</xmax>
            <ymax>27</ymax>
        </bndbox>
    </object>
</annotation>