
<annotation>
    <folder>images</folder>
    <filename>plantdoc1390.png</filename>
    <size>
        <width>100</width>
        <height>100</height>
        <depth>3</depth>
    </size>
    <segmented>0</segmented>
    <object>
        <name>Tomato leaf</name>
        <pose>Unspecified</pose>
        <truncated>0</truncated>
        <occluded>0</occluded>
        <difficult>0</difficult>
        <bndbox>
            <xmin>29</xmin>
            <ymin>38</ymin>
            <xmax>41</xmax>
            <ymax>75</ymax>
        </bndbox>
    </object>
    <object>
        <name>Tomato leaf</name>
        <pose>Unspecified</pose>
        <truncated>0</truncated>
        <occluded>0</occluded>
        <difficult>0</difficult>
        <bndbox>
            <xmin>24</xmin>
            <ymin>8</ymin>
            <xmax>30</xmax>
            <ymax>36</ymax>
        </bndbox>
    </object>
    <object>
        <name>Tomato leaf</name>
        <pose>Unspecified</pose>
        <truncated>0</truncated>
        <occluded>0</occluded>
        <difficult>0</difficult>
        <bndbox>
            <xmin>51</xmin>
            <ymin>38</ymin>
            <xmax>60</xmax>
            <ymax>71</ymax>
        </bndbox>
    </object>
    <object>
        <name>Tomato leaf</name>
        <pose>Unspecified</pose>
        <truncated>0</truncated>
        <occluded>0</occluded>
        <difficult>0</difficult>
        <bndbox>
            <xmin>33</xmin>
            <ymin>15</ymin>
            <xmax>52</xmax>
            <ymax>30</ymax>
        </bndbox>
    </object>
</annotation>