
<annotation>
    <folder>images</folder>
    <filename>plantdoc1042.png</filename>
    <size>
        <width>100</width>
        <height>100</height>
        <depth>3</depth>
    </size>
    <segmented>0</segmented>
    <object>
        <name>Cherry leaf</name>
        <pose>Unspecified</pose>
        <truncated>0</truncated>
        <occluded>0</occluded>
        <difficult>0</difficult>
        <bndbox>
            <xmin>44</xmin>
            <ymin>44</ymin>
            <xmax>62</xmax>
            <ymax>96</ymax>
        </bndbox>
    </object>
    <object>
        <name>Cherry leaf</name>
        <pose>Unspecified</pose>
        <truncated>0</truncated>
        <occluded>0</occluded>
        <difficult>0</difficult>
        <bndbox>
            <xmin>80</xmin>
            <ymin>27</ymin>
            <xmax>94</xmax>
            <ymax>77</ymax>
        </bndbox>
    </object>
    <object>
        <name>Cherry leaf</name>
        <pose>Unspecified</pose>
        <truncated>0</truncated>
        <occluded>0</occluded>
        <difficult>0</difficult>
        <bndbox>
            <xmin>29</xmin>
            <ymin>22</ymin>
            <xmax>75</xmax>
            <ymax>50</ymax>
        </bndbox>
    </object>
    <object>
        <name>Cherry leaf</name>
        <pose>Unspecified</pose>
        <truncated>0</truncated>
        <occluded>0</occluded>
        <difficult>0</difficult>
        <bndbox>
            <xmin>6</xmin>
            <ymin>45</ymin>
            <xmax>47</xmax>
            <ymax>73</ymax>
        </bndbox>
    </object>
    <object>
        <name>Cherry leaf</name>
        <pose>Unspecified</pose>
        <truncated>0</truncated>
        <occluded>0</occluded>
        <difficult>0</difficult>
        <bndbox>
            <xmin>28</xmin>
            <ymin>51</ymin>
            <xmax>43</xmax>
            <ymax>87</ymax>
        </bndbox>
    </object>
</annotation>