
<annotation>
    <folder>images</folder>
    <filename>plantdoc1107.png</filename>
    <size>
        <width>100</width>
        <height>100</height>
        <depth>3</depth>
    </size>
    <segmented>0</segmented>
    <object>
        <name>Blueberry leaf</name>
        <pose>Unspecified</pose>
        <truncated>0</truncated>
        <occluded>0</occluded>
        <difficult>0</difficult>
        <bndbox>
            <xmin>62</xmin>
            <ymin>52</ymin>
            <xmax>95</xmax>
            <ymax>86</ymax>
        </bndbox>
    </object>
    <object>
        <name>Blueberry leaf</name>
        <pose>Unspecified</pose>
        <truncated>0</truncated>
        <occluded>0</occluded>
        <difficult>0</difficult>
        <bndbox>
            <xmin>22</xmin>
            <ymin>65</ymin>
            <xmax>47</xmax>
            <ymax>90</ymax>
        </bndbox>
    </object>
    <object>
        <name>Blueberry leaf</name>
        <pose>Unspecified</pose>
        <truncated>0</truncated>
        <occluded>0</occluded>
        <difficult>0</difficult>
        <bndbox>
            <xmin>5</xmin>
            <ymin>39</ymin>
            <xmax>33</xmax>
            <ymax>61</ymax>
        </bndbox>
    </object>
</annotation>