
<annotation>
    <folder>images</folder>
    <filename>plantdoc106.png</filename>
    <size>
        <width>100</width>
        <height>100</height>
        <depth>3</depth>
    </size>
    <segmented>0</segmented>
    <object>
        <name>Potato leaf late blight</name>
        <pose>Unspecified</pose>
        <truncated>0</truncated>
        <occluded>0</occluded>
        <difficult>0</difficult>
        <bndbox>
            <xmin>17</xmin>
            <ymin>2</ymin>
            <xmax>46</xmax>
            <ymax>23</ymax>
        </bndbox>
    </object>
    <object>
        <name>Potato leaf late blight</name>
        <pose>Unspecified</pose>
        <truncated>0</truncated>
        <occluded>0</occluded>
        <difficult>0</difficult>
        <bndbox>
            <xmin>63</xmin>
            <ymin>74</ymin>
            <xmax>80</xmax>
            <ymax>94</ymax>
        </bndbox>
    </object>
    <object>
        <name>Potato leaf late blight</name>
        <pose>Unspecified</pose>
        <truncated>0</truncated>
        <occluded>0</occluded>
        <difficult>0</difficult>
        <bndbox>
            <xmin>46</xmin>
            <ymin>49</ymin>
            <xmax>61</xmax>
            <ymax>61</ymax>
        </bndbox>
    </object>
    <object>
        <name>Potato leaf late blight</name>
        <pose>Unspecified</pose>
        <truncated>0</truncated>
        <occluded>0</occluded>
        <difficult>0</difficult>
        <bndbox>
            <xmin>63</xmin>
            <ymin>53</ymin>
            <xmax>79</xmax>
            <ymax>68</ymax>
        </bndbox>
    </object>
    <object>
        <name>Potato leaf late blight</name>
        <pose>Unspecified</pose>
        <truncated>0</truncated>
        <occluded>0</occluded>
        <difficult>0</difficult>
        <bndbox>
            <xmin>44</xmin>
            <ymin>34</ymin>
            <xmax>86</xmax>
            <ymax>52</ymax>
        </bndbox>
    </object>
    <object>
        <name>Potato leaf late blight</name>
        <pose>Unspecified</pose>
        <truncated>0</truncated>
        <occluded>0</occluded>
        <difficult>0</difficult>
        <bndbox>
            <xmin>58</xmin>
            <ymin>7</ymin>
            <xmax>73</xmax>
            <ymax>38</ymax>
        </bndbox>
    </object>
    <object>
        <name>Potato leaf late blight</name>
        <pose>Unspecified</pose>
        <truncated>0</truncated>
        <occluded>0</occluded>
        <difficult>0</difficult>
        <bndbox>
            <xmin>51</xmin>
            <ymin>21</ymin>
            <xmax>62</xmax>
            <ymax>37</ymax>
        </bndbox>
    </object>
</annotation>