
<annotation>
    <folder>images</folder>
    <filename>plantdoc1280.png</filename>
    <size>
        <width>100</width>
        <height>100</height>
        <depth>3</depth>
    </size>
    <segmented>0</segmented>
    <object>
        <name>grape leaf black rot</name>
        <pose>Unspecified</pose>
        <truncated>0</truncated>
        <occluded>0</occluded>
        <difficult>0</difficult>
        <bndbox>
            <xmin>0</xmin>
            <ymin>29</ymin>
            <xmax>55</xmax>
            <ymax>98</ymax>
        </bndbox>
    </object>
    <object>
        <name>grape leaf black rot</name>
        <pose>Unspecified</pose>
        <truncated>0</truncated>
        <occluded>0</occluded>
        <difficult>0</difficult>
        <bndbox>
            <xmin>50</xmin>
            <ymin>36</ymin>
            <xmax>73</xmax>
            <ymax>73</ymax>
        </bndbox>
    </object>
    <object>
        <name>grape leaf black rot</name>
        <pose>Unspecified</pose>
        <truncated>0</truncated>
        <occluded>0</occluded>
        <difficult>0</difficult>
        <bndbox>
            <xmin>54</xmin>
            <ymin>68</ymin>
            <xmax>70</xmax>
            <ymax>97</ymax>
        </bndbox>
    </object>
    <object>
        <name>grape leaf black rot</name>
        <pose>Unspecified</pose>
        <truncated>0</truncated>
        <occluded>0</occluded>
        <difficult>0</difficult>
        <bndbox>
            <xmin>43</xmin>
            <ymin>5</ymin>
            <xmax>60</xmax>
            <ymax>31</ymax>
        </bndbox>
    </object>
</annotation>