
<annotation>
    <folder>images</folder>
    <filename>plantdoc127.png</filename>
    <size>
        <width>100</width>
        <height>100</height>
        <depth>3</depth>
    </size>
    <segmented>0</segmented>
    <object>
        <name>Potato leaf early blight</name>
        <pose>Unspecified</pose>
        <truncated>0</truncated>
        <occluded>0</occluded>
        <difficult>0</difficult>
        <bndbox>
            <xmin>7</xmin>
            <ymin>20</ymin>
            <xmax>81</xmax>
            <ymax>84</ymax>
        </bndbox>
    </object>
    <object>
        <name>Potato leaf early blight</name>
        <pose>Unspecified</pose>
        <truncated>0</truncated>
        <occluded>0</occluded>
        <difficult>0</difficult>
        <bndbox>
            <xmin>35</xmin>
            <ymin>0</ymin>
            <xmax>71</xmax>
            <ymax>26</ymax>
        </bndbox>
    </object>
    <object>
        <name>Potato leaf early blight</name>
        <pose>Unspecified</pose>
        <truncated>0</truncated>
        <occluded>0</occluded>
        <difficult>0</difficult>
        <bndbox>
            <xmin>81</xmin>
            <ymin>17</ymin>
            <xmax>99</xmax>
            <ymax>39</ymax>
        </bndbox>
    </object>
    <object>
        <name>Potato leaf early blight</name>
        <pose>Unspecified</pose>
        <truncated>0</truncated>
        <occluded>0</occluded>
        <difficult>0</difficult>
        <bndbox>
            <xmin>81</xmin>
            <ymin>52</ymin>
            <xmax>98</xmax>
            <ymax>72</ymax>
        </bndbox>
    </object>
</annotation>