
<annotation>
    <folder>images</folder>
    <filename>plantdoc1381.png</filename>
    <size>
        <width>100</width>
        <height>100</height>
        <depth>3</depth>
    </size>
    <segmented>0</segmented>
    <object>
        <name>Apple Scab Leaf</name>
        <pose>Unspecified</pose>
        <truncated>0</truncated>
        <occluded>0</occluded>
        <difficult>0</difficult>
        <bndbox>
            <xmin>36</xmin>
            <ymin>8</ymin>
            <xmax>62</xmax>
            <ymax>94</ymax>
        </bndbox>
    </object>
    <object>
        <name>Apple Scab Leaf</name>
        <pose>Unspecified</pose>
        <truncated>0</truncated>
        <occluded>0</occluded>
        <difficult>0</difficult>
        <bndbox>
            <xmin>21</xmin>
            <ymin>67</ymin>
            <xmax>47</xmax>
            <ymax>93</ymax>
        </bndbox>
    </object>
    <object>
        <name>Apple Scab Leaf</name>
        <pose>Unspecified</pose>
        <truncated>0</truncated>
        <occluded>0</occluded>
        <difficult>0</difficult>
        <bndbox>
            <xmin>65</xmin>
            <ymin>26</ymin>
            <xmax>99</xmax>
            <ymax>62</ymax>
        </bndbox>
    </object>
</annotation>