
<annotation>
    <folder>images</folder>
    <filename>plantdoc1263.png</filename>
    <size>
        <width>100</width>
        <height>100</height>
        <depth>3</depth>
    </size>
    <segmented>0</segmented>
    <object>
        <name>Apple leaf</name>
        <pose>Unspecified</pose>
        <truncated>0</truncated>
        <occluded>0</occluded>
        <difficult>0</difficult>
        <bndbox>
            <xmin>14</xmin>
            <ymin>41</ymin>
            <xmax>41</xmax>
            <ymax>83</ymax>
        </bndbox>
    </object>
    <object>
        <name>Apple leaf</name>
        <pose>Unspecified</pose>
        <truncated>0</truncated>
        <occluded>0</occluded>
        <difficult>0</difficult>
        <bndbox>
            <xmin>54</xmin>
            <ymin>33</ymin>
            <xmax>84</xmax>
            <ymax>56</ymax>
        </bndbox>
    </object>
    <object>
        <name>Apple leaf</name>
        <pose>Unspecified</pose>
        <truncated>0</truncated>
        <occluded>0</occluded>
        <difficult>0</difficult>
        <bndbox>
            <xmin>20</xmin>
            <ymin>20</ymin>
            <xmax>49</xmax>
            <ymax>43</ymax>
        </bndbox>
    </object>
</annotation>