
<annotation>
    <folder>images</folder>
    <filename>plantdoc1050.png</filename>
    <size>
        <width>100</width>
        <height>100</height>
        <depth>3</depth>
    </size>
    <segmented>0</segmented>
    <object>
        <name>Tomato leaf mosaic virus</name>
        <pose>Unspecified</pose>
        <truncated>0</truncated>
        <occluded>0</occluded>
        <difficult>0</difficult>
        <bndbox>
            <xmin>20</xmin>
            <ymin>40</ymin>
            <xmax>47</xmax>
            <ymax>85</ymax>
        </bndbox>
    </object>
    <object>
        <name>Tomato leaf mosaic virus</name>
        <pose>Unspecified</pose>
        <truncated>0</truncated>
        <occluded>0</occluded>
        <difficult>0</difficult>
        <bndbox>
            <xmin>52</xmin>
            <ymin>50</ymin>
            <xmax>85</xmax>
            <ymax>91</ymax>
        </bndbox>
    </object>
    <object>
        <name>Tomato leaf mosaic virus</name>
        <pose>Unspecified</pose>
        <truncated>0</truncated>
        <occluded>0</occluded>
        <difficult>0</difficult>
        <bndbox>
            <xmin>45</xmin>
            <ymin>34</ymin>
            <xmax>69</xmax>
            <ymax>66</ymax>
        </bndbox>
    </object>
    <object>
        <name>Tomato leaf mosaic virus</name>
        <pose>Unspecified</pose>
        <truncated>0</truncated>
        <occluded>0</occluded>
        <difficult>0</difficult>
        <bndbox>
            <xmin>42</xmin>
            <ymin>28</ymin>
            <xmax>73</xmax>
            <ymax>44</ymax>
        </bndbox>
    </object>
</annotation>