
<annotation>
    <folder>images</folder>
    <filename>plantdoc1214.png</filename>
    <size>
        <width>100</width>
        <height>100</height>
        <depth>3</depth>
    </size>
    <segmented>0</segmented>
    <object>
        <name>Raspberry leaf</name>
        <pose>Unspecified</pose>
        <truncated>0</truncated>
        <occluded>0</occluded>
        <difficult>0</difficult>
        <bndbox>
            <xmin>33</xmin>
            <ymin>7</ymin>
            <xmax>93</xmax>
            <ymax>89</ymax>
        </bndbox>
    </object>
</annotation>