
<annotation>
    <folder>images</folder>
    <filename>plantdoc1062.png</filename>
    <size>
        <width>100</width>
        <height>100</height>
        <depth>3</depth>
    </size>
    <segmented>0</segmented>
    <object>
        <name>grape leaf</name>
        <pose>Unspecified</pose>
        <truncated>0</truncated>
        <occluded>0</occluded>
        <difficult>0</difficult>
        <bndbox>
            <xmin>21</xmin>
            <ymin>53</ymin>
            <xmax>38</xmax>
            <ymax>73</ymax>
        </bndbox>
    </object>
    <object>
        <name>grape leaf</name>
        <pose>Unspecified</pose>
        <truncated>0</truncated>
        <occluded>0</occluded>
        <difficult>0</difficult>
        <bndbox>
            <xmin>56</xmin>
            <ymin>42</ymin>
            <xmax>70</xmax>
            <ymax>58</ymax>
        </bndbox>
    </object>
    <object>
        <name>grape leaf</name>
        <pose>Unspecified</pose>
        <truncated>0</truncated>
        <occluded>0</occluded>
        <difficult>0</difficult>
        <bndbox>
            <xmin>32</xmin>
            <ymin>16</ymin>
            <xmax>42</xmax>
            <ymax>31</ymax>
        </bndbox>
    </object>
    <object>
        <name>grape leaf</name>
        <pose>Unspecified</pose>
        <truncated>0</truncated>
        <occluded>0</occluded>
        <difficult>0</difficult>
        <bndbox>
            <xmin>42</xmin>
            <ymin>4</ymin>
            <xmax>56</xmax>
            <ymax>17</ymax>
        </bndbox>
    </object>
    <object>
        <name>grape leaf</name>
        <pose>Unspecified</pose>
        <truncated>0</truncated>
        <occluded>0</occluded>
        <difficult>0</difficult>
        <bndbox>
            <xmin>57</xmin>
            <ymin>25</ymin>
            <xmax>69</xmax>
            <ymax>38</ymax>
        </bndbox>
    </object>
    <object>
        <name>grape leaf</name>
        <pose>Unspecified</pose>
        <truncated>0</truncated>
        <occluded>0</occluded>
        <difficult>0</difficult>
        <bndbox>
            <xmin>1</xmin>
            <ymin>16</ymin>
            <xmax>13</xmax>
            <ymax>30</ymax>
        </bndbox>
    </object>
    <object>
        <name>grape leaf</name>
        <pose>Unspecified</pose>
        <truncated>0</truncated>
        <occluded>0</occluded>
        <difficult>0</difficult>
        <bndbox>
            <xmin>15</xmin>
            <ymin>37</ymin>
            <xmax>29</xmax>
            <ymax>48</ymax>
        </bndbox>
    </object>
    <object>
        <name>grape leaf</name>
        <pose>Unspecified</pose>
        <truncated>0</truncated>
        <occluded>0</occluded>
        <difficult>0</difficult>
        <bndbox>
            <xmin>75</xmin>
            <ymin>80</ymin>
            <xmax>86</xmax>
            <ymax>91</ymax>
        </bndbox>
    </object>
    <object>
        <name>grape leaf</name>
        <pose>Unspecified</pose>
        <truncated>0</truncated>
        <occluded>0</occluded>
        <difficult>0</difficult>
        <bndbox>
            <xmin>59</xmin>
            <ymin>10</ymin>
            <xmax>67</xmax>
            <ymax>20</ymax>
        </bndbox>
    </object>
    <object>
        <name>grape leaf</name>
        <pose>Unspecified</pose>
        <truncated>0</truncated>
        <occluded>0</occluded>
        <difficult>0</difficult>
        <bndbox>
            <xmin>49</xmin>
            <ymin>92</ymin>
            <xmax>62</xmax>
            <ymax>99</ymax>
        </bndbox>
    </object>
    <object>
        <name>grape leaf</name>
        <pose>Unspecified</pose>
        <truncated>0</truncated>
        <occluded>0</occluded>
        <difficult>0</difficult>
        <bndbox>
            <xmin>28</xmin>
            <ymin>0</ymin>
            <xmax>39</xmax>
            <ymax>13</ymax>
        </bndbox>
    </object>
    <object>
        <name>grape leaf</name>
        <pose>Unspecified</pose>
        <truncated>0</truncated>
        <occluded>0</occluded>
        <difficult>0</difficult>
        <bndbox>
            <xmin>27</xmin>
            <ymin>70</ymin>
            <xmax>39</xmax>
            <ymax>89</ymax>
        </bndbox>
    </object>
    <object>
        <name>grape leaf</name>
        <pose>Unspecified</pose>
        <truncated>0</truncated>
        <occluded>0</occluded>
        <difficult>0</difficult>
        <bndbox>
            <xmin>50</xmin>
            <ymin>12</ymin>
            <xmax>59</xmax>
            <ymax>25</ymax>
        </bndbox>
    </object>
</annotation>