
<annotation>
    <folder>images</folder>
    <filename>plantdoc1363.png</filename>
    <size>
        <width>100</width>
        <height>100</height>
        <depth>3</depth>
    </size>
    <segmented>0</segmented>
    <object>
        <name>Soyabean leaf</name>
        <pose>Unspecified</pose>
        <truncated>0</truncated>
        <occluded>0</occluded>
        <difficult>0</difficult>
        <bndbox>
            <xmin>27</xmin>
            <ymin>29</ymin>
            <xmax>58</xmax>
            <ymax>89</ymax>
        </bndbox>
    </object>
    <object>
        <name>Soyabean leaf</name>
        <pose>Unspecified</pose>
        <truncated>0</truncated>
        <occluded>0</occluded>
        <difficult>0</difficult>
        <bndbox>
            <xmin>55</xmin>
            <ymin>12</ymin>
            <xmax>96</xmax>
            <ymax>56</ymax>
        </bndbox>
    </object>
    <object>
        <name>Soyabean leaf</name>
        <pose>Unspecified</pose>
        <truncated>0</truncated>
        <occluded>0</occluded>
        <difficult>0</difficult>
        <bndbox>
            <xmin>12</xmin>
            <ymin>1</ymin>
            <xmax>52</xmax>
            <ymax>43</ymax>
        </bndbox>
    </object>
</annotation>