
<annotation>
    <folder>images</folder>
    <filename>plantdoc1276.png</filename>
    <size>
        <width>100</width>
        <height>100</height>
        <depth>3</depth>
    </size>
    <segmented>0</segmented>
    <object>
        <name>Peach leaf</name>
        <pose>Unspecified</pose>
        <truncated>0</truncated>
        <occluded>0</occluded>
        <difficult>0</difficult>
        <bndbox>
            <xmin>30</xmin>
            <ymin>12</ymin>
            <xmax>45</xmax>
            <ymax>28</ymax>
        </bndbox>
    </object>
    <object>
        <name>Peach leaf</name>
        <pose>Unspecified</pose>
        <truncated>0</truncated>
        <occluded>0</occluded>
        <difficult>0</difficult>
        <bndbox>
            <xmin>13</xmin>
            <ymin>26</ymin>
            <xmax>42</xmax>
            <ymax>35</ymax>
        </bndbox>
    </object>
    <object>
        <name>Peach leaf</name>
        <pose>Unspecified</pose>
        <truncated>0</truncated>
        <occluded>0</occluded>
        <difficult>0</difficult>
        <bndbox>
            <xmin>21</xmin>
            <ymin>32</ymin>
            <xmax>45</xmax>
            <ymax>39</ymax>
        </bndbox>
    </object>
</annotation>