
<annotation>
    <folder>images</folder>
    <filename>plantdoc1266.png</filename>
    <size>
        <width>100</width>
        <height>100</height>
        <depth>3</depth>
    </size>
    <segmented>0</segmented>
    <object>
        <name>Apple rust leaf</name>
        <pose>Unspecified</pose>
        <truncated>0</truncated>
        <occluded>0</occluded>
        <difficult>0</difficult>
        <bndbox>
            <xmin>34</xmin>
            <ymin>2</ymin>
            <xmax>60</xmax>
            <ymax>71</ymax>
        </bndbox>
    </object>
    <object>
        <name>Apple rust leaf</name>
        <pose>Unspecified</pose>
        <truncated>0</truncated>
        <occluded>0</occluded>
        <difficult>0</difficult>
        <bndbox>
            <xmin>4</xmin>
            <ymin>51</ymin>
            <xmax>39</xmax>
            <ymax>82</ymax>
        </bndbox>
    </object>
    <object>
        <name>Apple rust leaf</name>
        <pose>Unspecified</pose>
        <truncated>0</truncated>
        <occluded>0</occluded>
        <difficult>0</difficult>
        <bndbox>
            <xmin>48</xmin>
            <ymin>41</ymin>
            <xmax>100</xmax>
            <ymax>77</ymax>
        </bndbox>
    </object>
</annotation>