
<annotation>
    <folder>images</folder>
    <filename>plantdoc1379.png</filename>
    <size>
        <width>100</width>
        <height>100</height>
        <depth>3</depth>
    </size>
    <segmented>0</segmented>
    <object>
        <name>Potato leaf early blight</name>
        <pose>Unspecified</pose>
        <truncated>0</truncated>
        <occluded>0</occluded>
        <difficult>0</difficult>
        <bndbox>
            <xmin>19</xmin>
            <ymin>1</ymin>
            <xmax>71</xmax>
            <ymax>82</ymax>
        </bndbox>
    </object>
</annotation>