
<annotation>
    <folder>images</folder>
    <filename>plantdoc1282.png</filename>
    <size>
        <width>100</width>
        <height>100</height>
        <depth>3</depth>
    </size>
    <segmented>0</segmented>
    <object>
        <name>Tomato Septoria leaf spot</name>
        <pose>Unspecified</pose>
        <truncated>0</truncated>
        <occluded>0</occluded>
        <difficult>0</difficult>
        <bndbox>
            <xmin>69</xmin>
            <ymin>12</ymin>
            <xmax>98</xmax>
            <ymax>64</ymax>
        </bndbox>
    </object>
    <object>
        <name>Tomato Septoria leaf spot</name>
        <pose>Unspecified</pose>
        <truncated>0</truncated>
        <occluded>0</occluded>
        <difficult>0</difficult>
        <bndbox>
            <xmin>4</xmin>
            <ymin>29</ymin>
            <xmax>21</xmax>
            <ymax>77</ymax>
        </bndbox>
    </object>
    <object>
        <name>Tomato Septoria leaf spot</name>
        <pose>Unspecified</pose>
        <truncated>0</truncated>
        <occluded>0</occluded>
        <difficult>0</difficult>
        <bndbox>
            <xmin>44</xmin>
            <ymin>14</ymin>
            <xmax>62</xmax>
            <ymax>60</ymax>
        </bndbox>
    </object>
    <object>
        <name>Tomato Septoria leaf spot</name>
        <pose>Unspecified</pose>
        <truncated>0</truncated>
        <occluded>0</occluded>
        <difficult>0</difficult>
        <bndbox>
            <xmin>58</xmin>
            <ymin>25</ymin>
            <xmax>82</xmax>
            <ymax>95</ymax>
        </bndbox>
    </object>
    <object>
        <name>Tomato Septoria leaf spot</name>
        <pose>Unspecified</pose>
        <truncated>0</truncated>
        <occluded>0</occluded>
        <difficult>0</difficult>
        <bndbox>
            <xmin>28</xmin>
            <ymin>20</ymin>
            <xmax>56</xmax>
            <ymax>94</ymax>
        </bndbox>
    </object>
</annotation>