
<annotation>
    <folder>images</folder>
    <filename>plantdoc1287.png</filename>
    <size>
        <width>100</width>
        <height>100</height>
        <depth>3</depth>
    </size>
    <segmented>0</segmented>
    <object>
        <name>Tomato leaf yellow virus</name>
        <pose>Unspecified</pose>
        <truncated>0</truncated>
        <occluded>0</occluded>
        <difficult>0</difficult>
        <bndbox>
            <xmin>70</xmin>
            <ymin>9</ymin>
            <xmax>86</xmax>
            <ymax>20</ymax>
        </bndbox>
    </object>
    <object>
        <name>Tomato leaf yellow virus</name>
        <pose>Unspecified</pose>
        <truncated>0</truncated>
        <occluded>0</occluded>
        <difficult>0</difficult>
        <bndbox>
            <xmin>59</xmin>
            <ymin>38</ymin>
            <xmax>77</xmax>
            <ymax>56</ymax>
        </bndbox>
    </object>
    <object>
        <name>Tomato leaf yellow virus</name>
        <pose>Unspecified</pose>
        <truncated>0</truncated>
        <occluded>0</occluded>
        <difficult>0</difficult>
        <bndbox>
            <xmin>51</xmin>
            <ymin>39</ymin>
            <xmax>64</xmax>
            <ymax>53</ymax>
        </bndbox>
    </object>
    <object>
        <name>Tomato leaf yellow virus</name>
        <pose>Unspecified</pose>
        <truncated>0</truncated>
        <occluded>0</occluded>
        <difficult>0</difficult>
        <bndbox>
            <xmin>7</xmin>
            <ymin>12</ymin>
            <xmax>17</xmax>
            <ymax>28</ymax>
        </bndbox>
    </object>
    <object>
        <name>Tomato leaf yellow virus</name>
        <pose>Unspecified</pose>
        <truncated>0</truncated>
        <occluded>0</occluded>
        <difficult>0</difficult>
        <bndbox>
            <xmin>16</xmin>
            <ymin>12</ymin>
            <xmax>27</xmax>
            <ymax>25</ymax>
        </bndbox>
    </object>
    <object>
        <name>Tomato leaf yellow virus</name>
        <pose>Unspecified</pose>
        <truncated>0</truncated>
        <occluded>0</occluded>
        <difficult>0</difficult>
        <bndbox>
            <xmin>54</xmin>
            <ymin>18</ymin>
            <xmax>65</xmax>
            <ymax>29</ymax>
        </bndbox>
    </object>
    <object>
        <name>Tomato leaf yellow virus</name>
        <pose>Unspecified</pose>
        <truncated>0</truncated>
        <occluded>0</occluded>
        <difficult>0</difficult>
        <bndbox>
            <xmin>24</xmin>
            <ymin>45</ymin>
            <xmax>47</xmax>
            <ymax>67</ymax>
        </bndbox>
    </object>
    <object>
        <name>Tomato leaf yellow virus</name>
        <pose>Unspecified</pose>
        <truncated>0</truncated>
        <occluded>0</occluded>
        <difficult>0</difficult>
        <bndbox>
            <xmin>66</xmin>
            <ymin>52</ymin>
            <xmax>93</xmax>
            <ymax>73</ymax>
        </bndbox>
    </object>
    <object>
        <name>Tomato leaf yellow virus</name>
        <pose>Unspecified</pose>
        <truncated>0</truncated>
        <occluded>0</occluded>
        <difficult>0</difficult>
        <bndbox>
            <xmin>56</xmin>
            <ymin>65</ymin>
            <xmax>82</xmax>
            <ymax>99</ymax>
        </bndbox>
    </object>
    <object>
        <name>Tomato leaf yellow virus</name>
        <pose>Unspecified</pose>
        <truncated>0</truncated>
        <occluded>0</occluded>
        <difficult>0</difficult>
        <bndbox>
            <xmin>41</xmin>
            <ymin>56</ymin>
            <xmax>60</xmax>
            <ymax>73</ymax>
        </bndbox>
    </object>
</annotation>