
<annotation>
    <folder>images</folder>
    <filename>plantdoc1091.png</filename>
    <size>
        <width>100</width>
        <height>100</height>
        <depth>3</depth>
    </size>
    <segmented>0</segmented>
    <object>
        <name>Corn leaf blight</name>
        <pose>Unspecified</pose>
        <truncated>0</truncated>
        <occluded>0</occluded>
        <difficult>0</difficult>
        <bndbox>
            <xmin>25</xmin>
            <ymin>44</ymin>
            <xmax>41</xmax>
            <ymax>84</ymax>
        </bndbox>
    </object>
    <object>
        <name>Corn leaf blight</name>
        <pose>Unspecified</pose>
        <truncated>0</truncated>
        <occluded>0</occluded>
        <difficult>0</difficult>
        <bndbox>
            <xmin>27</xmin>
            <ymin>33</ymin>
            <xmax>84</xmax>
            <ymax>75</ymax>
        </bndbox>
    </object>
    <object>
        <name>Corn leaf blight</name>
        <pose>Unspecified</pose>
        <truncated>0</truncated>
        <occluded>0</occluded>
        <difficult>0</difficult>
        <bndbox>
            <xmin>41</xmin>
            <ymin>30</ymin>
            <xmax>84</xmax>
            <ymax>73</ymax>
        </bndbox>
    </object>
    <object>
        <name>Corn leaf blight</name>
        <pose>Unspecified</pose>
        <truncated>0</truncated>
        <occluded>0</occluded>
        <difficult>0</difficult>
        <bndbox>
            <xmin>15</xmin>
            <ymin>9</ymin>
            <xmax>78</xmax>
            <ymax>42</ymax>
        </bndbox>
    </object>
    <object>
        <name>Corn leaf blight</name>
        <pose>Unspecified</pose>
        <truncated>0</truncated>
        <occluded>0</occluded>
        <difficult>0</difficult>
        <bndbox>
            <xmin>59</xmin>
            <ymin>14</ymin>
            <xmax>96</xmax>
            <ymax>26</ymax>
        </bndbox>
    </object>
</annotation>