
<annotation>
    <folder>images</folder>
    <filename>plantdoc1224.png</filename>
    <size>
        <width>100</width>
        <height>100</height>
        <depth>3</depth>
    </size>
    <segmented>0</segmented>
    <object>
        <name>Tomato leaf</name>
        <pose>Unspecified</pose>
        <truncated>0</truncated>
        <occluded>0</occluded>
        <difficult>0</difficult>
        <bndbox>
            <xmin>34</xmin>
            <ymin>33</ymin>
            <xmax>62</xmax>
            <ymax>88</ymax>
        </bndbox>
    </object>
    <object>
        <name>Tomato leaf</name>
        <pose>Unspecified</pose>
        <truncated>0</truncated>
        <occluded>0</occluded>
        <difficult>0</difficult>
        <bndbox>
            <xmin>16</xmin>
            <ymin>13</ymin>
            <xmax>56</xmax>
            <ymax>48</ymax>
        </bndbox>
    </object>
    <object>
        <name>Tomato leaf</name>
        <pose>Unspecified</pose>
        <truncated>0</truncated>
        <occluded>0</occluded>
        <difficult>0</difficult>
        <bndbox>
            <xmin>56</xmin>
            <ymin>16</ymin>
            <xmax>88</xmax>
            <ymax>62</ymax>
        </bndbox>
    </object>
</annotation>