
<annotation>
    <folder>images</folder>
    <filename>plantdoc1156.png</filename>
    <size>
        <width>100</width>
        <height>100</height>
        <depth>3</depth>
    </size>
    <segmented>0</segmented>
    <object>
        <name>Tomato leaf late blight</name>
        <pose>Unspecified</pose>
        <truncated>0</truncated>
        <occluded>0</occluded>
        <difficult>0</difficult>
        <bndbox>
            <xmin>19</xmin>
            <ymin>51</ymin>
            <xmax>91</xmax>
            <ymax>96</ymax>
        </bndbox>
    </object>
    <object>
        <name>Tomato leaf late blight</name>
        <pose>Unspecified</pose>
        <truncated>0</truncated>
        <occluded>0</occluded>
        <difficult>0</difficult>
        <bndbox>
            <xmin>11</xmin>
            <ymin>9</ymin>
            <xmax>91</xmax>
            <ymax>61</ymax>
        </bndbox>
    </object>
</annotation>