
<annotation>
    <folder>images</folder>
    <filename>plantdoc1446.png</filename>
    <size>
        <width>100</width>
        <height>100</height>
        <depth>3</depth>
    </size>
    <segmented>0</segmented>
    <object>
        <name>Tomato Early blight leaf</name>
        <pose>Unspecified</pose>
        <truncated>0</truncated>
        <occluded>0</occluded>
        <difficult>0</difficult>
        <bndbox>
            <xmin>7</xmin>
            <ymin>31</ymin>
            <xmax>33</xmax>
            <ymax>90</ymax>
        </bndbox>
    </object>
    <object>
        <name>Tomato Early blight leaf</name>
        <pose>Unspecified</pose>
        <truncated>0</truncated>
        <occluded>0</occluded>
        <difficult>0</difficult>
        <bndbox>
            <xmin>35</xmin>
            <ymin>29</ymin>
            <xmax>64</xmax>
            <ymax>92</ymax>
        </bndbox>
    </object>
    <object>
        <name>Tomato Early blight leaf</name>
        <pose>Unspecified</pose>
        <truncated>0</truncated>
        <occluded>0</occluded>
        <difficult>0</difficult>
        <bndbox>
            <xmin>17</xmin>
            <ymin>1</ymin>
            <xmax>64</xmax>
            <ymax>35</ymax>
        </bndbox>
    </object>
    <object>
        <name>Tomato Early blight leaf</name>
        <pose>Unspecified</pose>
        <truncated>0</truncated>
        <occluded>0</occluded>
        <difficult>0</difficult>
        <bndbox>
            <xmin>61</xmin>
            <ymin>19</ymin>
            <xmax>98</xmax>
            <ymax>96</ymax>
        </bndbox>
    </object>
</annotation>