
<annotation>
    <folder>images</folder>
    <filename>plantdoc1250.png</filename>
    <size>
        <width>100</width>
        <height>100</height>
        <depth>3</depth>
    </size>
    <segmented>0</segmented>
    <object>
        <name>Tomato leaf bacterial spot</name>
        <pose>Unspecified</pose>
        <truncated>0</truncated>
        <occluded>0</occluded>
        <difficult>0</difficult>
        <bndbox>
            <xmin>42</xmin>
            <ymin>45</ymin>
            <xmax>99</xmax>
            <ymax>92</ymax>
        </bndbox>
    </object>
    <object>
        <name>Tomato leaf bacterial spot</name>
        <pose>Unspecified</pose>
        <truncated>0</truncated>
        <occluded>0</occluded>
        <difficult>0</difficult>
        <bndbox>
            <xmin>0</xmin>
            <ymin>46</ymin>
            <xmax>75</xmax>
            <ymax>73</ymax>
        </bndbox>
    </object>
</annotation>