
<annotation>
    <folder>images</folder>
    <filename>plantdoc1163.png</filename>
    <size>
        <width>100</width>
        <height>100</height>
        <depth>3</depth>
    </size>
    <segmented>0</segmented>
    <object>
        <name>Bell_pepper leaf spot</name>
        <pose>Unspecified</pose>
        <truncated>0</truncated>
        <occluded>0</occluded>
        <difficult>0</difficult>
        <bndbox>
            <xmin>6</xmin>
            <ymin>31</ymin>
            <xmax>63</xmax>
            <ymax>61</ymax>
        </bndbox>
    </object>
    <object>
        <name>Bell_pepper leaf spot</name>
        <pose>Unspecified</pose>
        <truncated>0</truncated>
        <occluded>0</occluded>
        <difficult>0</difficult>
        <bndbox>
            <xmin>0</xmin>
            <ymin>7</ymin>
            <xmax>25</xmax>
            <ymax>29</ymax>
        </bndbox>
    </object>
    <object>
        <name>Bell_pepper leaf spot</name>
        <pose>Unspecified</pose>
        <truncated>0</truncated>
        <occluded>0</occluded>
        <difficult>0</difficult>
        <bndbox>
            <xmin>61</xmin>
            <ymin>17</ymin>
            <xmax>99</xmax>
            <ymax>63</ymax>
        </bndbox>
    </object>
    <object>
        <name>Bell_pepper leaf spot</name>
        <pose>Unspecified</pose>
        <truncated>0</truncated>
        <occluded>0</occluded>
        <difficult>0</difficult>
        <bndbox>
            <xmin>33</xmin>
            <ymin>1</ymin>
            <xmax>76</xmax>
            <ymax>26</ymax>
        </bndbox>
    </object>
    <object>
        <name>Bell_pepper leaf spot</name>
        <pose>Unspecified</pose>
        <truncated>0</truncated>
        <occluded>0</occluded>
        <difficult>0</difficult>
        <bndbox>
            <xmin>66</xmin>
            <ymin>5</ymin>
            <xmax>96</xmax>
            <ymax>27</ymax>
        </bndbox>
    </object>
</annotation>