
<annotation>
    <folder>images</folder>
    <filename>plantdoc1410.png</filename>
    <size>
        <width>100</width>
        <height>100</height>
        <depth>3</depth>
    </size>
    <segmented>0</segmented>
    <object>
        <name>Tomato leaf late blight</name>
        <pose>Unspecified</pose>
        <truncated>0</truncated>
        <occluded>0</occluded>
        <difficult>0</difficult>
        <bndbox>
            <xmin>46</xmin>
            <ymin>54</ymin>
            <xmax>85</xmax>
            <ymax>100</ymax>
        </bndbox>
    </object>
    <object>
        <name>Tomato leaf late blight</name>
        <pose>Unspecified</pose>
        <truncated>0</truncated>
        <occluded>0</occluded>
        <difficult>0</difficult>
        <bndbox>
            <xmin>66</xmin>
            <ymin>35</ymin>
            <xmax>100</xmax>
            <ymax>77</ymax>
        </bndbox>
    </object>
    <object>
        <name>Tomato leaf late blight</name>
        <pose>Unspecified</pose>
        <truncated>0</truncated>
        <occluded>0</occluded>
        <difficult>0</difficult>
        <bndbox>
            <xmin>0</xmin>
            <ymin>24</ymin>
            <xmax>56</xmax>
            <ymax>57</ymax>
        </bndbox>
    </object>
</annotation>