
<annotation>
    <folder>images</folder>
    <filename>plantdoc105.png</filename>
    <size>
        <width>100</width>
        <height>100</height>
        <depth>3</depth>
    </size>
    <segmented>0</segmented>
    <object>
        <name>Tomato leaf late blight</name>
        <pose>Unspecified</pose>
        <truncated>0</truncated>
        <occluded>0</occluded>
        <difficult>0</difficult>
        <bndbox>
            <xmin>43</xmin>
            <ymin>6</ymin>
            <xmax>90</xmax>
            <ymax>33</ymax>
        </bndbox>
    </object>
    <object>
        <name>Tomato leaf late blight</name>
        <pose>Unspecified</pose>
        <truncated>0</truncated>
        <occluded>0</occluded>
        <difficult>0</difficult>
        <bndbox>
            <xmin>48</xmin>
            <ymin>61</ymin>
            <xmax>84</xmax>
            <ymax>92</ymax>
        </bndbox>
    </object>
    <object>
        <name>Tomato leaf late blight</name>
        <pose>Unspecified</pose>
        <truncated>0</truncated>
        <occluded>0</occluded>
        <difficult>0</difficult>
        <bndbox>
            <xmin>7</xmin>
            <ymin>51</ymin>
            <xmax>44</xmax>
            <ymax>85</ymax>
        </bndbox>
    </object>
    <object>
        <name>Tomato leaf late blight</name>
        <pose>Unspecified</pose>
        <truncated>0</truncated>
        <occluded>0</occluded>
        <difficult>0</difficult>
        <bndbox>
            <xmin>55</xmin>
            <ymin>39</ymin>
            <xmax>99</xmax>
            <ymax>63</ymax>
        </bndbox>
    </object>
</annotation>