
<annotation>
    <folder>images</folder>
    <filename>plantdoc1198.png</filename>
    <size>
        <width>100</width>
        <height>100</height>
        <depth>3</depth>
    </size>
    <segmented>0</segmented>
    <object>
        <name>Potato leaf late blight</name>
        <pose>Unspecified</pose>
        <truncated>0</truncated>
        <occluded>0</occluded>
        <difficult>0</difficult>
        <bndbox>
            <xmin>42</xmin>
            <ymin>21</ymin>
            <xmax>60</xmax>
            <ymax>66</ymax>
        </bndbox>
    </object>
    <object>
        <name>Potato leaf late blight</name>
        <pose>Unspecified</pose>
        <truncated>0</truncated>
        <occluded>0</occluded>
        <difficult>0</difficult>
        <bndbox>
            <xmin>54</xmin>
            <ymin>49</ymin>
            <xmax>80</xmax>
            <ymax>92</ymax>
        </bndbox>
    </object>
    <object>
        <name>Potato leaf late blight</name>
        <pose>Unspecified</pose>
        <truncated>0</truncated>
        <occluded>0</occluded>
        <difficult>0</difficult>
        <bndbox>
            <xmin>13</xmin>
            <ymin>12</ymin>
            <xmax>38</xmax>
            <ymax>80</ymax>
        </bndbox>
    </object>
</annotation>